_id,name,slug,image,brand,category,description,price,countInStock,rating,numReviews,createdAt,updatedAt,__v,images[0],images[1],images[2],images[3]
,intel CPU Core i5-10400F 2.9 GHz,intel CPU Core i5-10400F 2.9 GHz,https://res.cloudinary.com/dr9hunugv/image/upload/v1704682902/vkkn7q3xaor2ssqbnfp7.jpg,Intel,CPU,"Brand intel, CPU Series:intel Core 10th Gen Processors, CPU Model: Core i5-10400F, CPU Socket Type: intel LGA-1200, Core Name: Comet Lake, Cores:: 6 Core / 12 Threads, Operating Frequency:: 2.90 GHz upto 4.30 GHz, L2 Cache:: n/a, L3 Cache: 12 MB SmartCache, Manufacturing Tech: n/a, 64Bit Support: yes, Virtualization Technology Support: yes, Thermal Design Power: 65 W, Warranty:: 3 year",3890,100,0,0,2023-12-30T02:46:38.737Z,2024-01-08T03:01:47.839Z,7,,,,
,intel CPU Core i7-11700 2.5 GHz,intel CPU Core i7-11700 2.5 GHz,https://res.cloudinary.com/dr9hunugv/image/upload/v1704682965/ou0utnfcwcngpkwiywpy.jpg,Intel,CPU,"Brand intel, CPU Series:intel Core 11th Gen Processors, CPU Model: Core i7-11700, CPU Socket Type: intel LGA-1200, Core Name: Rocket Lake, Cores: 8 Core / 16 Threads, Operating Frequency: 2.5 GHz Up to 4.9 GHz, L2 Cache: n/a, L3 Cache: 16 MB SmartCache, Manufacturing Tech: 14 nm, 64Bit Support: yes, Virtualization Technology Support: yes, Thermal Design Power: 65 W, Warranty:: 3 year",4390,100,0,0,2023-12-30T02:46:38.737Z,2024-01-08T03:02:44.820Z,4,,,,
,intel CPU Core i9-11900 2.5 GHz,intel CPU Core i9-11900 2.5 GHz,https://res.cloudinary.com/dr9hunugv/image/upload/v1704357049/vehuthez6jsas0huoa6p.jpg,Intel,CPU,Brand: intel CPU Series:intel Core 11th Gen Processors CPU Model:Core i9-11900 CPU Socket Type:intel LGA-1200 Core Name:Rocket Lake Cores::8 Core / 16 Threads: Operating Frequency:2.5 GHz Up to 5.2 GHz L2 Cache:n/a L3 Cache:16 MB SmartCache Manufacturing Tech:14 nm 64Bit Support:yes Virtualization Technology Support:yes Thermal Design Power:65 W Warranty::3 year,11900,100,0,0,2023-12-30T02:46:38.737Z,2024-01-07T14:36:30.777Z,2,https://res.cloudinary.com/dr9hunugv/image/upload/v1704638181/gjfhmb9mwsejadvet3ev.jpg,https://res.cloudinary.com/dr9hunugv/image/upload/v1704638186/otdh6i5rsihm0ice2dbr.jpg,,
,intel CPU Core i5-11600K 3.9 GHz,intel CPU Core i5-11600K 3.9 GHz,https://res.cloudinary.com/dr9hunugv/image/upload/v1704357082/gdgmgq88k9d4kzkaddcl.jpg,Intel,CPU,CPU Brand:intel CPU Series:intel Core 11th Gen Processors CPU Model:Core i5-11600K CPU Socket Type:intel LGA-1200 Core Name:Rocket Lake Cores:6 Core / 12 Threads Operating Frequency:3.9 GHz Up to 4.9 GHz L2 Cache:n/a L3 Cache:12 MB SmartCache Manufacturing Tech:n/a 64Bit Support:yes Virtualization Technology Support:yes Thermal Design Power:95 W Warranty::3 year,16380,100,0,0,2023-12-30T02:46:38.737Z,2024-01-07T14:42:30.177Z,2,https://res.cloudinary.com/dr9hunugv/image/upload/v1704638540/ynlgriqcst9itydw9aaa.jpg,https://res.cloudinary.com/dr9hunugv/image/upload/v1704638546/urgujzd1dvpbf4eaewzb.jpg,,
,intel CPU Core i7-11700F 2.5 GHz,intel CPU Core i7-11700F 2.5 GHz,https://res.cloudinary.com/dr9hunugv/image/upload/v1704357105/imtvyjdx3m6inp0whhsw.jpg,Intel,CPU,Brand: Intel CPU Series: Intel Core 11th Gen Processors CPU Model: Core i7-11700F CPU Socket Type: intel LGA-1200 Core Name: Rocket Lake Cores: 8 Core / 16 Threads Operating Frequency: 2.5 GHz Up to 4.9 GHz L2 Cache: n/a L3 Cache: 16 MB SmartCache Manufacturing Tech: 14 nm 64Bit Support: yes Virtualization Technology Support: yes Thermal Design Power: 65 W Warranty:: 3 year,7900,100,0,0,2023-12-30T02:46:38.737Z,2024-01-07T15:01:51.993Z,2,https://res.cloudinary.com/dr9hunugv/image/upload/v1704639708/vgashppqxze8kq3xs8ao.jpg,,,
,intel CPU Core i9-11900F 2.5 GHz,intel CPU Core i9-11900F 2.5 GHz,https://res.cloudinary.com/dr9hunugv/image/upload/v1704639891/bbq6qxsauqnutunkcwic.jpg,Intel,CPU,Brand: Intel CPU Series: Intel Core 11th Gen Processors CPU Model: Core i9-11900F CPU Socket Type: intel LGA-1200 Core Name: Rocket Lake Cores: 8 Core / 16 Threads Operating Frequency: 2.5 GHz Up to 5.2 GHz L2 Cache: n/a L3 Cache: 16 MB SmartCache Manufacturing Tech: n/a 64Bit Support: yes Virtualization Technology Support: yes Thermal Design Power: 65 W Warranty:: 3 year,9500,100,0,0,2023-12-30T02:46:38.737Z,2024-01-07T15:04:59.293Z,2,https://res.cloudinary.com/dr9hunugv/image/upload/v1704639897/ewhxadvppvv9lj6o2ohh.jpg,,,
,intel CPU Core i7-11700K 3.6 GHz,intel CPU Core i7-11700K 3.6 GHz,https://res.cloudinary.com/dr9hunugv/image/upload/v1704640024/wnh3jn9j4yrygtt6crfw.jpg,Intel,CPU,intel CPU Core i7-11700K 3.6 GHz Brand: Intel CPU Series: Intel Core 11th Gen Processors CPU Model: Core i7-11700K CPU Socket Type: intel LGA-1200 Core Name: Rocket Lake Cores: 8 Core / 16 Threads Operating Frequency: 3.6 GHz Up to 5.0 GHz L2 Cache: n/a L3 Cache: 16 MB SmartCache Manufacturing Tech: n/a 64Bit Support: yes Virtualization Technology Support: yes Thermal Design Power: 95 W Warranty:: 3 year.,13900,100,0,0,2023-12-30T02:46:38.737Z,2024-01-07T15:07:13.131Z,2,https://res.cloudinary.com/dr9hunugv/image/upload/v1704640029/o9lri1oekbqomxvnanlt.jpg,,,
,intel CPU Core i9-11900K 3.5 GHz,intel CPU Core i9-11900K 3.5 GHz,https://res.cloudinary.com/dr9hunugv/image/upload/v1704640162/avulpzmqcxpnoiibxcw7.webp,Intel,CPU,intel CPU Core i9-11900K 3.5 GHz Brand: Intel CPU Series: Intel Core 11th Gen Processors CPU Model: Core i9-11900K CPU Socket Type: intel LGA-1200 Core Name: Rocket Lake Cores: 8 Core / 16 Threads Operating Frequency: 3.5 GHz Up to 5.3 GHz L2 Cache: n/a L3 Cache: 16 MB SmartCache Manufacturing Tech: 14 nm 64Bit Support: yes Virtualization Technology Support: yes Thermal Design Power: 95 W Warranty:: 3 year 16900,11300,100,0,0,2023-12-30T02:46:38.737Z,2024-01-07T15:09:50.826Z,2,https://res.cloudinary.com/dr9hunugv/image/upload/v1704640174/vc26txvqvwkerccvbrso.jpg,,,
,AMD CPU AM4 RYZEN 5 Pro 4650G (NEXT) 3.7 GHz,AMD CPU AM4 RYZEN 5 Pro 4650G (NEXT) 3.7 GHz,https://res.cloudinary.com/dr9hunugv/image/upload/v1704357184/uvyj6qep8tmiyjitu03u.jpg,AMD,CPU,AMD CPU AM4 RYZEN 5 Pro 4650G (NEXT) 3.7 GHz. Brand: Box-Next Model: Ryzen 5 PRO 4650G Series: Ryzen 5 PRO Processors number: 6 Generation: 5 Socket: AM4 Cores: 6 Threads: 12 Frequency: 3.7 GHz Turbo Frequency: 4.2 GHz Level 1 Cache: 384 KB Level 2 Cache: 3 MB Level 3 Cache: 8 MB Integrated graphics: Radeon Graphics CPU Cooler: Included Package Dimension: (W x D x H) : 12.70 x 9.60 x 12.90 cm Gross Weight: 0.43 KG,16900,100,0,0,2023-12-30T02:46:38.737Z,2024-01-07T15:31:11.994Z,2,https://res.cloudinary.com/dr9hunugv/image/upload/v1704641462/jlxnxkyqdulqo4qtf51b.webp,https://res.cloudinary.com/dr9hunugv/image/upload/v1704641466/sz6gdmnsp2ibh3era1br.jpg,,
,AMD CPU AM4 RYZEN 7 5800X3D 3.4 GHz,AMD CPU AM4 RYZEN 7 5800X3D 3.4 GHz,https://res.cloudinary.com/dr9hunugv/image/upload/v1704641903/jrylxaccxkorrcyxaujm.jpg,AMD,CPU,Brand: AMD Model: Ryzen 7 5800X 3D Series: Ryzen 7 Processors number: 8 Generation: 5 Socket: AM4 Cores: 8 Threads: 16 Frequency: 3.4 GHz Turbo Frequency: 4.5 GHz Level 1 Cache: 512 KB Level 2 Cache: 4 MB Level 3 Cache: 96 MB Integrated graphics: None CPU Cooler: Not included Package Dimension: (W x D x H) : 13.00 x 13.00 x 9.00 cm Gross Weight: 0.31 KG,3890,100,0,0,2023-12-30T02:46:38.737Z,2024-01-07T15:38:34.752Z,3,https://res.cloudinary.com/dr9hunugv/image/upload/v1704641908/mcfmvcbn36wipmcrj79o.webp,https://res.cloudinary.com/dr9hunugv/image/upload/v1704641911/zwicjdb0aztlxksz7iqj.webp,,
,AMD CPU Ryzen 9 3900X 3.8 GHz,AMD CPU Ryzen 9 3900X 3.8 GHz,https://res.cloudinary.com/dr9hunugv/image/upload/v1704641959/stw0n7pwrfghh5qhvpg9.jpg,AMD,CPU,Brand: AMD Model: Ryzen 9 3900X Series: Ryzen 9 Processors number: 12 Generation: 3rd Gen Socket: AM4 Cores: 12 Threads: 24 Frequency: 3.8 GHz Turbo Frequency: 4.6 GHz Level 1 Cache: n/a Level 2 Cache: 6MB Level 3 Cache: 64MB Integrated graphics: None CPU Cooler: Included Package Dimension: (W x D x H) : 14.00 x 15.00 x 14.00 cm Gross Weight: 1.00 KG,11500,100,0,0,2023-12-30T02:46:38.737Z,2024-01-07T15:39:26.431Z,3,https://res.cloudinary.com/dr9hunugv/image/upload/v1704641746/bf9kv2cn1tqotbzcwqzu.webp,https://res.cloudinary.com/dr9hunugv/image/upload/v1704641963/wjixyx8u6p2yjlst6awx.jpg,,
,AMD CPU AM5 RYZEN 9 7950X 4.5GHz,AMD CPU AM5 RYZEN 9 7950X 4.5GHz,https://res.cloudinary.com/dr9hunugv/image/upload/v1704641781/n67r2eycu2zcnr6lrvhm.webp,AMD,CPU,Brand: AMD Model: Ryzen 9 7950X Socket: AM5 Cores: 16 Threads: 32 Frequency: 4.5GHz Turbo Frequency: Up to 5.7GHz Level 1 Cache: 1MB Level 2 Cache: 16MB Level 3 Cache: 64MB Integrated graphics: AMD Radeon™ Graphics Graphics Core Count: 2 Graphics Frequency: 2200 MHz GPU Base: 400 MHz CPU Cooler: Not included Package Dimension: (W x D x H) : 13.00 x 13.00 x 9.00 cm Gross Weight: 0.31 KG,14500,100,0,0,2023-12-30T02:46:38.737Z,2024-01-07T15:36:45.266Z,2,https://res.cloudinary.com/dr9hunugv/image/upload/v1704641788/nopcf0j3msze78r0rsee.jpg,https://res.cloudinary.com/dr9hunugv/image/upload/v1704641793/ss2xskxc1dkjxzku10kz.jpg,https://res.cloudinary.com/dr9hunugv/image/upload/v1704641797/pfam3ra1bzrnhpmifuby.jpg,https://res.cloudinary.com/dr9hunugv/image/upload/v1704641802/ev50jlsnqcfzy7p9eyis.webp
,AMD CPU AM5 RYZEN 9 7950X3D 4.2GHz,AMD CPU AM5 RYZEN 9 7950X3D 4.2GHz,https://res.cloudinary.com/dr9hunugv/image/upload/v1704641828/qoyjuzoxu199inzwpp5i.webp,AMD,CPU,Brand: AMD Model: Ryzen™ 9 7950X3D Series: Ryzen™ 9 Processors number: 16 Generation: ZEN4 Socket: AM5 Cores: 16 Threads: 32 Frequency: 4.2GHz Turbo Frequency: Up to 5.7GHz Level 1 Cache: 1MB Level 2 Cache: 16MB Level 3 Cache: 128MB Integrated graphics: AMD Radeon™ Graphics CPU Cooler: No,21500,100,0,0,2023-12-30T02:46:38.737Z,2024-01-07T15:37:34.485Z,2,https://res.cloudinary.com/dr9hunugv/image/upload/v1704641837/jldzho6ipkx1l50fjhwm.webp,https://res.cloudinary.com/dr9hunugv/image/upload/v1704641843/ifa2x4lli7dqrnz5p10o.webp,https://res.cloudinary.com/dr9hunugv/image/upload/v1704641847/jvy3wzr5kejunziewuvx.webp,
,AMD CPU Ryzen Threadripper PRO 3975WX 3.5 GHz,AMD CPU Ryzen Threadripper PRO 3975WX 3.5 GHz,https://res.cloudinary.com/dr9hunugv/image/upload/v1704642011/s218ntbd9os0quvwskea.jpg,AMD,CPU,Brand: AMD CPU Series: AMD Ryzen Threadripper Pro CPU Model: Ryzen Threadripper PRO 3975WX CPU Socket Type: AMD sWRX8 Core Name: AMD Ryzen PRO Processors Cores: 32 Core / 64 Threads Operating Frequency: 3.5 GHz up to 4.2 GHz L2 Cache: 16 MB L3 Cache: 128 MB Manufacturing Tech: N/A 64Bit Support: Yes Virtualization Technology Support: Yes Thermal Design Power: 280 W Warranty:: 3 year,93500,100,0,0,2023-12-30T02:46:38.737Z,2024-01-07T15:40:20.779Z,2,https://res.cloudinary.com/dr9hunugv/image/upload/v1704642014/m7aieu922zrrngwiczrj.jpg,https://res.cloudinary.com/dr9hunugv/image/upload/v1704642018/fie1afoiu93r50ruj8o4.jpg,,
,AMD CPU Ryzen Threadripper PRO 3995WX 2.7 GHz,AMD CPU Ryzen Threadripper PRO 3995WX 2.7 GHz,https://res.cloudinary.com/dr9hunugv/image/upload/v1704642037/nzzlgayiobsgosrhywxo.jpg,AMD,CPU,Brand: AMD CPU Series: AMD Ryzen Threadripper Pro CPU Model: Ryzen Threadripper PRO 3995WX CPU Socket Type: AMD sWRX8 Core Name: AMD Ryzen PRO Processors Cores: 64 Core / 128 Threads Operating Frequency: 2.7 GHz up to 4.2 GHz L2 Cache: 32 MB L3 Cache: 256 MB Manufacturing Tech: 7 nm 64Bit Support: Yes Virtualization Technology Support: Yes Thermal Design Power: 280 W Warranty:: 3 year,118300,100,0,0,2023-12-30T02:46:38.737Z,2024-01-07T15:41:34.256Z,3,https://res.cloudinary.com/dr9hunugv/image/upload/v1704642041/v1owwwu3xkqn2madewjf.jpg,https://res.cloudinary.com/dr9hunugv/image/upload/v1704642091/p8nwgvcek04rvvr2zqmh.webp,,
,Gigabyte Mainboard Z590 VISION G LGA-1200,Gigabyte Mainboard Z590 VISION G LGA-1200,https://res.cloudinary.com/dr9hunugv/image/upload/v1704701443/pzpnpmdxdftpvjii6rhn.jpg,Gigabyte,Mainboard,"CPU Socket Type: intel LGA-1200, CPU Type: 11th Gen intel Core Processors, Supported CPU Technologies: ,Chipset: Rocket Lake: intel Z590, Number of Memory Slots: 4x DIMM, Memory Standard: DDR4 support up to 4800(OC) MHz, Maximum Memory Supported: 128 GB, Expansion Slot: 3x PCIe x16 slot, Storage Devices: 4x M.2 slot, 6x SATA III port, Onboard Video Chipset: Integrated Graphic on Processor, Onboard Audio Chipset: Realtek ALC4080 codec, Audio Channels: 7.1 Channel HD Audio, Onboard LAN Chipset: intel 2.5GbE LAN chip (2.5 Gbit/1 Gbit/100 Mbit), Onboard LAN Speed: 2.5 Gbps, Real Panel Ports: 1x PS/2, 1x HDMI, 1x DP in, 2x USB-C 3.2, 2.5Gb LAN, HD Audio Connector, Onboard USB: 1x USB-C 3.2 header, 1x USB 3.2 header, 2x USB 2.0 header, Dimensions W x D x H: 30.5 x 24.4 cm, Case spec: ATX Form Factor, Power Pin: 1x 24-pin Main Connector, 1x 8-pin Power Connector, 1x 4-pin Power Connector, Warranty: 3 year",7500,100,0,0,2023-12-30T02:46:38.737Z,2024-01-08T08:11:23.740Z,1,https://res.cloudinary.com/dr9hunugv/image/upload/v1704701454/jvofzz25qcdlr56bjhjg.jpg,https://res.cloudinary.com/dr9hunugv/image/upload/v1704701470/pyzx9deqkknxhhtfx4w2.jpg,https://res.cloudinary.com/dr9hunugv/image/upload/v1704701480/ezwctvxwyycwhiutxlrh.jpg,
,MSI Mainboard MAG B560 TORPEDO LGA-1200,MSI Mainboard MAG B560 TORPEDO LGA-1200,https://res.cloudinary.com/dr9hunugv/image/upload/v1704701573/meiy0tkceud3vo6p2vt5.webp,MSI,Mainboard,"CPU Socket Type: intel LGA-1200, CPU Type: 11th Gen intel Core Processors, Supported CPU Technologies: Rocket Lake, Chipset: intel B560, Number of Memory Slots: 4x DIMM, Memory Standard: DDR4 up to 5066(OC) MHz, Maximum Memory Supported: 128 GB, Expansion Slot: 2x PCIe x16 slot, 1x PCIe x1 slot, Storage Devices: 3x M.2 slot, 6x SATA III, Onboard Video Chipset: Integrated Graphic on Processor, Onboard Audio Chipset: Realtek ALC897 Codec, Audio Channels: 7.1 Channel HD Audio, Onboard LAN Chipset: 1x Realtek RTL8125B, 1x intel I219V, Onboard LAN Speed: 2.5 Gbps, 10/100/1000 Mbps, Real Panel Ports: HDMI, DP, USB Type-C 3.2, Dual Gb LAN, HD Audio connector, Onboard USB: 1x USB 3.2 Gen2 port, 1x USB 3.2 Gen1 connector, 2x USB 2.0 connectors, Dimensions W x D x H: 30.5 x 24.4 cm, Case spec: ATX Form Factor, Warranty: 3 year",4500,100,0,0,2023-12-30T02:46:38.737Z,2024-01-08T08:13:33.784Z,1,https://res.cloudinary.com/dr9hunugv/image/upload/v1704701610/hzebqdtvrwk2b2f92uy4.jpg,,,
,ASRock Mainboard Z590M-ITX/ax LGA-1200,ASRock Mainboard Z590M-ITX/ax LGA-1200,https://res.cloudinary.com/dr9hunugv/image/upload/v1704701663/hckm3r7aapr66miilg6g.webp,ASRock,Mainboard,"CPU Socket Type: Intel LGA-1200 ,CPU Type: 11th Gen Intel Core Processors, Supported CPU Technologies : Rocket Lake, Chipset : Intel Z590, Number of Memory Slots: 2x DIMM, Memory Standard: DDR4 support Intel Gen 11 5066+(OC) Intel Gen10 4600+(OC), Maximum Memory Supported: 64 GB, Expansion Slot: 1 x PCIe 4.0 x16, Storage Devices: 1x Hyper M.2 (PCIe Gen4 x4), 1x Ultra M.2 , 4x SATA III, Onboard Video Chipset:Integrated Graphic on Processor, Onboard Audio Chipset:Realtek ALC897 Audio Code, Audio Channels:7.1 Channel Audio, Onboard LAN Chipset:Dragon 2.5 Gigabit LAN, Intel Gigabit LAN ,Intel 802.11ax WiFi 6E, BT 5.2, Onboard LAN Speed:2.5 Gbps; Real Panel Ports:4x USB3, 1x USB-C, Dual LAN, HD Audio Jack, WiFi Antena Port, Onboard USB:1x Front Panel Type C, 1x USB 3.2 Gen1 Header, 1x USB 2.0 Header; Dimensions W x D x H:17.0 x 17.0 cm, Case spec:Mini-ITX Form Factor, Power Pin:1x 24-pin, 1x 8-pin power connector, Warranty: 3 Year",3900,100,0,0,2023-12-30T02:46:38.737Z,2024-01-08T08:14:53.049Z,1,https://res.cloudinary.com/dr9hunugv/image/upload/v1704701680/jnsfakogvdu3brl4rbfa.jpg,,,
,ASRock Mainboard B560 Pro4 LGA-1200,ASRock Mainboard B560 Pro4 LGA-1200,https://res.cloudinary.com/dr9hunugv/image/upload/v1704703508/c2svaxvvmwrzpkwgpxdf.jpg,ASRock,Mainboard,"CPU Socket Type: intel LGA-1200, CPU Type: 11th Gen intel Core Processors, Supported CPU Technologies: Rocket Lake, Chipset: intel B560, Number of Memory Slots: 4x DIMM, Memory Standard: DDR4 supports up to 4800(OC)MHz, Maximum Memory Supported: 128 GB, Expansion Slot: 1 x PCIe 4.0 x16, 1 x PCIe 3.0 x16, 2 x PCIe 3.0 x1, Storage Devices: 6 SATA3, 1 x Hyper M.2 (PCIe Gen4 x4), 1 x Ultra M.2 (PCIe Gen3 x4), 1 x M.2 (PCIe Gen3 x2 & SATA3), Onboard Video Chipset: Integrated Graphic on Processor, Onboard Audio Chipset: Realtek ALC897 Audio Codec, Nahimic Audio, Audio Channels: 7.1 Channel HD Audio, Onboard LAN Chipset: intel Gigabit LAN, Onboard LAN Speed: 10/100/1000 Mbps, Real Panel Ports: PS/2 , HDMI, DP, Gb LAN, HD Audio Jack, Onboard USB: 2x USB 3.2 Gen1 Headers, 1x Front Panel Type C USB 3.2 Gen1 Header, 1x USB 2.0 Header, Dimensions W x D x H: 30.5 x 24.4 cm, Case spec: ATX Form Factor, Power Pin: 1x 24-pin Main Connector, 1x 8-pin Power Connector, Warranty: 3 year",3790,100,0,0,2023-12-30T02:46:38.737Z,2024-01-08T08:45:11.376Z,2,https://res.cloudinary.com/dr9hunugv/image/upload/v1704703235/dhwtwbxqhapwfaerkosk.webp,,,
,ASRock Mainboard B560M Pro4/ac LGA-1200,ASRock Mainboard B560M Pro4/ac LGA-1200,https://res.cloudinary.com/dr9hunugv/image/upload/v1704768666/gak6dfukw17vhvyw7rc5.jpg,ASRock,Mainboard,"CPU Socket Type: intel LGA-1200, CPU Type: 11th Gen intel Core Processors, Supported CPU Technologies: Rocket Lake, Chipset: intel B560, Number of Memory Slots: 4x DIMM, Memory Standard: DDR4 support up to 4800+(OC) MHz, Maximum Memory Supported: 128 GB, Expansion Slot: 1 x PCIe 4.0 x16, 1 x PCIe 3.0 x16, 1 x PCIe 3.0 x1, Storage Devices: 1x Ultra M.2 , 1x Hyper M.2 , 6x SATA III, Onboard Video Chipset: Integrated Graphic on Processor, Onboard Audio Chipset: Realtek ALC897 Audio Codec, Audio Channels: 7.1 Channel HD Audio, Onboard LAN Chipset: intel Gigabit LAN, Onboard LAN Speed: 10/100/1000 Mbps, Real Panel Ports: 1x PS/2, HDMI, USB 3.2 , Gb LAN, Antenna WiFi AC, HD Audio Jack, Onboard USB: 1 x USB 3.2 Gen1 Header, 2 x USB 2.0 Headers, Dimensions W x D x H: 24.4 x 24.4 cm, Power Pin: 1x 24-pin, 1x 8-pin Power connector, Warranty: 3 year",3750,100,0,0,2023-12-30T02:46:38.737Z,2024-01-09T02:51:08.500Z,1,,,,
,Maxsun Mainboard iCraft B560M LGA-1200,Maxsun Mainboard iCraft B560M LGA-1200,https://res.cloudinary.com/dr9hunugv/image/upload/v1704701772/qmmwr5n119hw4merfwpw.jpg,Maxsun,Mainboard,"CPU Socket Type: intel LGA-1200, CPU Type: 11th Gen intel Core Processors, Supported CPU Technologies: Rocket Lake, Chipset: intel B560, Number of Memory Slots: 4x DIMM, Memory Standard: DDR4 support up to 4800+(OC) MHz, Maximum Memory Supported: 128 GB, Expansion Slot: 1 x PCIe 4.0 x16, 1 x PCIe 3.0 x16, 1 x PCIe 3.0 x1, Storage Devices: 1x Ultra M.2 , 1x Hyper M.2 , 6x SATA III, Onboard Video Chipset: Integrated Graphic on Processor, Onboard Audio Chipset: Realtek ALC897 Audio Codec, Audio Channels: 7.1 Channel HD Audio, Onboard LAN Chipset: intel Gigabit LAN, Onboard LAN Speed: 10/100/1000 Mbps, Real Panel Ports: 1x PS/2, HDMI, USB 3.2 , Gb LAN, Antenna WiFi AC, HD Audio Jack, Onboard USB: 1 x USB 3.2 Gen1 Header, 2 x USB 2.0 Headers, Dimensions W x D x H: 24.4 x 24.4 cm, Case spec: Micro-ATX Form Factor, Power Pin: 1x 24-pin, 1x 8-pin Power connector, Warranty: 3 year",3200,100,0,0,2023-12-30T02:46:38.737Z,2024-01-08T08:16:32.470Z,1,https://res.cloudinary.com/dr9hunugv/image/upload/v1704701787/p3rdeulgmqcjnv1wbvxj.jpg,,,
,ASRock Mainboard B560M-HDV LGA-1200,ASRock Mainboard B560M-HDV LGA-1200,https://res.cloudinary.com/dr9hunugv/image/upload/v1704701807/wzjfto4ji2tmbvj8hmcg.jpg,ASRock,Mainboard,"CPU Socket Type: intel LGA-1200,  CPU Type: 11th Gen intel Core Processors, Supported CPU Technologies: Rocket Lake, Chipset: intel B560, Number of Memory Slots: 2x DIMM, Memory Standard: DDR4 supports DDR4 5000MHz (OC), Maximum Memory Supported: 64 GB, Storage Devices: 1 x Ultra M.2 Socket, 1 x Hyper M.2 (PCIe Gen4 x4), 4x SATA III, Onboard Video Chipset: Integrated Graphic on Processor, Onboard Audio Chipset: Realtek ALC897 Audio Codec, Audio Channels: 7.1 Channel Audio, Onboard LAN Chipset: Giga PHY intel I219V, Real Panel Ports: PS/2, HDMI, DVI-D, DSUB, Gb LAN, Audio Jack, Onboard USB: 1 x USB 3.2 Gen1 Header, 2 x USB 2.0 Headers, Dimensions W x D x H: 24.4 x 19.8 cm, Case spec: Micro-ATX Form Factor, Power Pin: 1x 24-pin, 1x 8-pin power connector, Warranty: 3 year",2740,100,0,0,2023-12-30T02:46:38.737Z,2024-01-08T08:16:58.854Z,1,https://res.cloudinary.com/dr9hunugv/image/upload/v1704701814/t0h1un22tn15iqeibz3v.jpg,,,
,Maxsun Mainboard Meterstone B560M LGA-1200,Maxsun Mainboard Meterstone B560M LGA-1200,https://res.cloudinary.com/dr9hunugv/image/upload/v1704701906/agqniepan2t7excqz5i7.webp,Maxsun,Mainboard,"CPU Socket Type: intel LGA-1200,  11th Gen intel Core Processors,  Rocket Lake,  2x DIMM,  DDR4 support up to 4800(OC) MHz,  64 GB,  1x PCIe 4.0 x16 slot, 1x PCIe 3.0 x4 slot, 1x PCIe 3.0 x1 slot,  2x M.2 slot, 6x SATA III port,  Integrated Graphic on Processor,  n/a,  7.1 Channel Audio,  2.5 Gbps,  1x PS/2, 1x VGA, 1x HDMI, 1x DisplayPort, 2.5Gb LAN, Audio Connector,  n/a,  Micro-ATX Form Factor,  1x 24-pin Main Connector, 1x 8-pin Power Connector,  3 year",2500,100,0,0,2023-12-30T02:46:38.737Z,2024-01-08T08:18:41.934Z,1,https://res.cloudinary.com/dr9hunugv/image/upload/v1704701918/xy1n9qzcbxe6eucu94t7.webp,,,
,ASUS Mainboard ProArt B550-CREATOR AM4,ASUS Mainboard ProArt B550-CREATOR AM4,https://res.cloudinary.com/dr9hunugv/image/upload/v1704701948/y4auzw49ao2hrap9xfnj.webp,ASUS,Mainboard,"CPU Socket Type: AMD AM4,  CPU Type: AMD Ryzen 3000, 5000 Series Desktop Processors (not Support 3000G Series), Supported CPU Technologies: AMD Zen3, Chipset: AMD B550, Number of Memory Slots: 4x DIMM, Memory Standard: DDR4 up to 4866(OC) MHz, Maximum Memory Supported: 128 GB, Expansion Slot: 2x PCIe 4.0 x16 slot, 1x PCIe 3.0 x16 slot, 2x PCIe 3.0 x1 slot, Storage Devices: 2x M.2 slot, 4x SATA III port, Onboard Video Chipset: Integrated Graphic on Processor, Onboard Audio Chipset: S1220A, Audio Channels: n/a, Onboard LAN Chipset: 2 x intel I225-V 2.5Gb Ethernet, Onboard LAN Speed: 2.5 Gbps, Real Panel Ports: 1x PS/2, 1x HDMI, 1x DisplayPort, 2.5Gb LAN, HD Audio connector, Onboard USB: 1x USB3.2 Type-C, 1x USB3.2 header, 2x USB2.0 header, Dimensions W x D x H: 30.5 x 24.4 cm, Case spec: ATX Form Factor, Power Pin: 1x 24-pin Main Connector, 1x 8-pin Power Connector, 1x 4-pin Power Connector, Warranty: 3 year + 1 year (register)",6900,100,0,0,2023-12-30T02:46:38.737Z,2024-01-08T08:19:20.248Z,1,https://res.cloudinary.com/dr9hunugv/image/upload/v1704701956/nsh6hm2mvzprojo9v5k8.jpg,,,
,Gigabyte Mainboard X570S UD (rev. 1.0) AM4,Gigabyte Mainboard X570S UD (rev. 1.0) AM4,https://res.cloudinary.com/dr9hunugv/image/upload/v1704701982/nfnwfdexxpnwvljwnf6z.webp,Gigabyte,Mainboard,"CPU Socket Type: AMD AM4,  CPU Type: AMD Ryzen 3000, 5000 Series Desktop Processors, Supported CPU Technologies: AMD Zen3, Chipset: AMD X570, Number of Memory Slots: 4x DIMM, Memory Standard: DDR4 support up to 5100(OC) MHz, Maximum Memory Supported: 128 GB, Expansion Slot: 2x PCIe x16 slot, 2x PCIe 3.0 x1 slot, Storage Devices: 3x M.2 slot, 6x SATA III port, Onboard Video Chipset: Integrated Graphic on Processor, Onboard Audio Chipset: Realtek Audio CODEC High Definition Audio, Audio Channels: 7.1 Channel HD Audio, Onboard LAN Chipset: Realtek 2.5GbE LAN, Onboard LAN Speed: 2.5 Gbps, Real Panel Ports: 1x PS/2, 1x HDMI, 1x USB-C, 2.5Gb LAN, HD Audio connector, Onboard USB: 1x USB-C 3.2 Gen2 port, 4x USB3.2 port, 2x USB2.0 port, Dimensions W x D x H: 30.5 x 24.4 cm, Case spec: ATX Form Factor, Power Pin: 1x 24-pin Main Connector, 1x 8-pin Power Connector, Warranty: 3 year",5890,100,0,0,2023-12-30T02:46:38.737Z,2024-01-08T08:19:54.444Z,1,https://res.cloudinary.com/dr9hunugv/image/upload/v1704701990/sgw04y4n29rbixsfdvov.jpg,,,
,ASUS Mainboard TUF GAMING X570-PLUS (WI-FI) AM4,ASUS Mainboard TUF GAMING X570-PLUS (WI-FI) AM4,https://res.cloudinary.com/dr9hunugv/image/upload/v1704702011/t4x8vgxhfiwzfhb70evw.jpg,ASUS,Mainboard,"CPU Socket Type: AMD AM4,  CPU Type: AMD Ryzen 3000, 5000 Series Desktop Processors, Supported CPU Technologies: AMD Zen3, Chipset: AMD X570, Number of Memory Slots: 4x DIMM, Memory Standard: DDR4 up to 5100(OC) MHz, Maximum Memory Supported: 128 GB, Expansion Slot: 2x PCIe x16 slot, 2x PCIe x1 slot, Storage Devices: 2x M.2 slot , 8x SATA III port, Onboard Video Chipset: Integrated Graphic on Processor, Onboard Audio Chipset: Realtek ALC S1200A 8-Channel High Definition Audio CODEC, Audio Channels: 7.1 Channel HD Audio, Onboard LAN Chipset: Realtek L8200A , intel Wireless-AC 9260, Onboard LAN Speed: 10/100/1000 Mbps, Real Panel Ports: 1x PS/2, 1x HDMI, 1x DisplayPort, 1x USB-C, Antenna connector, Audio connector, Onboard USB: 1x USB3.2 connector, 2x USB2.0 connector, Dimensions W x D x H: 30.5 x 24.4 cm, Case spec: ATX Form Factor, Power Pin: 1x 24-pin Main Connector, 1x 8-pin Power Connector, 1x 4-pin Power Connector, Warranty: 3 year + 1 year (register)",8390,100,0,0,2023-12-30T02:46:38.737Z,2024-01-08T08:20:23.538Z,1,https://res.cloudinary.com/dr9hunugv/image/upload/v1704702020/gwqaspw9fecv0qawofep.jpg,,,
,Gigabyte Mainboard B650 AORUS ELITE AX (AM5),Gigabyte Mainboard B650 AORUS ELITE AX (AM5),https://res.cloudinary.com/dr9hunugv/image/upload/v1704702042/lkfmg692airwxxurpe91.webp,Gigabyte,Mainboard,"CPU Socket Type: AMD AM5,  CPU Type: AMD Ryzen 7000 Series Processors, Supported CPU Technologies: Raphael, Chipset: AMD B650, Number of Memory Slots: 4x DIMM, Memory Standard: DDR5 Support up to 6600(OC) MHz, Maximum Memory Supported: 128 GB, Expansion Slot: 1x PCIe 4.0 x16 slot, 2x PCIe 3.0 x16 slot(running at x1), Storage Devices: 1x M.2 PCIe 5.0 x4 slot(Support M.2 25110), 2x M.2 PCIe 4.0 x4 slot, 4x SATA III port, Onboard Video Chipset: Integrated Graphic on Processors, Onboard Audio Chipset: Realtek Audio CODEC, Audio Channels: 7.1 Channel HD Audio, Onboard LAN Chipset: Realtek 2.5GbE LAN chip + AMD Wi-Fi 6E RZ616 (MT7922A22M), Onboard LAN Speed: 2.5 Gbps, Real Panel Ports: 1x HDMI, 1x DisplayPort, 1x USBC3.2 gen2 port, 2.5Gb LAN, WiFi Antenna, HD Audio connector, Onboard USB: 1x USBC3.2 gen2x2 port, 1x USB3.2 header, 2x USB2.0 header, Dimensions W x D x H: 30.5 x 24.4 cm, Case spec: ATX Form Factor, Power Pin: 1x 24-pin Main Connector, 1x 8-pin Power Connector, 1x 4-pin Power Connector, Warranty: 3 year",7990,100,0,0,2023-12-30T02:46:38.737Z,2024-01-08T08:20:52.132Z,1,https://res.cloudinary.com/dr9hunugv/image/upload/v1704702049/v0sdis0rmff9awzsa80n.webp,,,
,MSI Mainboard PRO A620M-E DRR5 AM5,MSI Mainboard PRO A620M-E DRR5 AM5,https://res.cloudinary.com/dr9hunugv/image/upload/v1704702065/e8rnpsl5nal0swrm21hv.webp,MSI,Mainboard,"CPU Socket Type: AMD AM5,  CPU Type: Ryzen 7000 Series Processors, Supported CPU Technologies: Raphael, Chipset: AMD A620, Number of Memory Slots: 2x DIMM, Memory Standard: DDR5 Support up to 6000(OC) MHz, Maximum Memory Supported: 96 GB, Expansion Slot: 1x PCIe 4.0 x16 slot, 1x PCIe 3.0 x 1 slot, Storage Devices: 1x M.2 PCIe 4.0 x4 slot, 4x SATA III port, Onboard Video Chipset: n/a, Onboard Audio Chipset: Realtek ALC897 Codec, Audio Channels: 7.1 Channel HD Audio, Onboard LAN Chipset: Realtek RTL8111H, Onboard LAN Speed: 1x 10/100/1000 Mbps port, Real Panel Ports: 1x HDM , 1x D-Sub, 4x USB-A 3.2 , 2x USB 2.0 , Gb LAN , Audio Connectors, Onboard USB: 2x USB-A 3.2 ports , 4x USB 2.0 ports, Dimensions W x D x H: 21.1 cm. x 24.4 cm, Case spec: Micro-ATX Form Factor, Power Pin: 1x 24-pin Main Connector, 1x 8-pin Power Connector, Warranty: 3 year",3190,100,0,0,2023-12-30T02:46:38.737Z,2024-01-08T08:21:15.474Z,1,https://res.cloudinary.com/dr9hunugv/image/upload/v1704702072/rh1g4ksaixffuja80yif.webp,,,
,ASUS PRO-WS-WRX80E-SAGE-SE-WIF,ASUS PRO-WS-WRX80E-SAGE-SE-WIF,https://res.cloudinary.com/dr9hunugv/image/upload/v1704702089/uqppfz0bkhpcl9oz8aqz.jpg,ASUS,Mainboard,"Brand: ASUS, Model: Pro WS WRX80E-SAGE SE WIFI, CPU Support: AMD® Ryzen™ Threadripper™ Pro Processors*, Socket: sWRX8, Chipset:: AMD WRX80, Memory Support: Memory Channels:8DDR4 (Eight Channel) Max Memory Size:2048GB, Memory Type: DDR4, Memory Bus: 3200 / 3000 / 2933 / 2800 / 2667 / 2400 / 2133 MHz, Memory Slot: 8 Slots, Graphics: None, Multi Graphic Support: n/a, Audio: Relatek ALC4080 7.1 Surround Sound High Definition Audio CODEC, Expansion Slot:s: AMD Ryzen™ Threadripper™ PRO Series Processors 7 x PCIe 4.0/3.0 x16 slot(s)* * Support PCIe bandwidth bifurcation for RAID on CPU function., Storage: Supports 3 x M.2 slots and 8 x SATA 6Gb/s ports, USB: Front USB:1 x USB 3.2 Gen 1 connector (suppports USB Type-C®) 1 x USB 3.2 Gen 1 header supports additional 2 USB 3.2 Gen 1 ports 2 x USB 2.0 headers support additional 4 USB 2.0 ports, Form Factor: Extended ATX 30.98cm x 33.02cm, H/W Monitoring: n/a, BIOS: n/a, Special Features: n/a, Software Features: n/a, Operating System Support: n/a, Dimension: (W x D x H) : 33.02 x 30.98 x 4.20 cm, Net Weight: 2.98 KG, Package Dimension: (W x D x H) : 36.20 x 37.80 x 10.30 cm, Gross Weight: 5.15 KG",3190,100,0,0,2023-12-30T02:46:38.737Z,2024-01-08T08:21:38.324Z,1,https://res.cloudinary.com/dr9hunugv/image/upload/v1704702095/pwchsfzsvk5tbxdosvfe.jpg,,,
,ASRock Mainboard WRX80 Creator R2.0 sWRX8,ASRock Mainboard WRX80 Creator R2.0 sWRX8,https://res.cloudinary.com/dr9hunugv/image/upload/v1704702108/jc3l50v6hu2ofemr2rp2.jpg,ASRock,Mainboard,"CPU Socket Type: AMD sWRX8,  CPU Type: AMD Ryzen Threadripper PRO 5000WX Series, Supported CPU Technologies: AMD Zen4, Chipset: AMD WRX80, Number of Memory Slots: 8x DIMM, Memory Standard: DDR4 Support up to 4400(OC) MHz, Supports DDR4 ECC & non-ECC ,buffered and un-buffered memory (R-DIMM and 3DS R-DIMM), Maximum Memory Supported: 2048 GB, Expansion Slot: 7x PCIe 4.0 x16 slot (running at x16, x16, x16, x8, x16, x8, x16), Storage Devices: 2x M.2 PCIe Gen 4.0 slot, 8x SATA III port, Onboard Video Chipset: Aspeed AST2500 BMC Controller (Supports D-Sub with max. resolution up to 1920x1200 @ 60Hz, Onboard Audio Chipset: Realtek ALC4050H+ALC1220 + Nahimic Audio, Audio Channels: 7.1 Channel HD Audio, Onboard LAN Chipset: 2 x 10 Gigabit LAN (Marvell (Aquantia) AQC113CS), Onboard LAN Speed: 2x 10 Gigabit LAN, Real Panel Ports: 1x D-Sub, 2x Mini DP, 2x Thunderbolt 4, 2x USB3.2 gen2, 2x RJ45 (10Gb LAN), Antenna Port, Clear CMOS button, HD Audio Jack, Onboard USB: 1x USB-C3.2 Gen2 header, 2x USB3.2 header, 1x USB2.0 header, Dimensions W x D x H: 30.5 x 27.2 cm, Case spec: E-ATX Form Factor, Power Pin: 1x 24-pin Main Connector, 2x 8-pin Power Connector, 1x 6-pin Power Connector, Warranty: 3 year",37500,100,0,0,2023-12-30T02:46:38.737Z,2024-01-08T08:21:59.704Z,1,https://res.cloudinary.com/dr9hunugv/image/upload/v1704702117/ypo4epjulufoennbnljj.jpg,,,
,G.Skill Ram PC DDR4 64GB/3200MHz.CL16 (16GBx4) Trident Z RGB,G.Skill Ram PC DDR4 64GB/3200MHz.CL16 (16GBx4) Trident Z RGB,https://res.cloudinary.com/dr9hunugv/image/upload/v1704702264/rikoiej0qiwifqxw5ins.jpg,G-Skill,Ram,"Capacity: 64 GB (4x16GB), Speed: 3200 MHz, Cas Latency: CL16, Timing: 16-18-18-38, Voltage: 1.20 V, Color: Black, Heat Spreader: yes, Type: DDR4, Warranty:: Lifetime",7990,100,0,0,2023-12-30T02:46:38.737Z,2024-01-08T08:25:12.766Z,1,https://res.cloudinary.com/dr9hunugv/image/upload/v1704702307/r1uice9yzz3pnyuzxw7o.jpg,,,
,Corsair Ram PC DDR5 32GB/4800MHz CL40 (16GBx2) Vengeance (Black),Corsair Ram PC DDR5 32GB/4800MHz CL40 (16GBx2) Vengeance (Black),https://res.cloudinary.com/dr9hunugv/image/upload/v1704702378/qdau4m4aafybqsafhxkj.webp,Corsair,Ram,"Capacity: 32 GB (2x16GB), Speed: 4800 MHz, Cas Latency: CL40, Timing: 40-40-40-77, Voltage: 1.10 V, Color: Black, Heat Spreader: yes, Type: DDR5, Warranty:: Lifetime",12490,100,0,0,2023-12-30T02:46:38.737Z,2024-01-08T08:26:39.255Z,1,https://res.cloudinary.com/dr9hunugv/image/upload/v1704702395/jl9bnpmk15saw3qyzlbo.webp,,,
,Thermaltake Ram PC DDR5 32GB/4800MHz CL40 (2x16GB) TOUGHRAM RC,Thermaltake Ram PC DDR5 32GB/4800MHz CL40 (2x16GB) TOUGHRAM RC,https://res.cloudinary.com/dr9hunugv/image/upload/v1704702433/nyvyv9xribfpveced6jd.jpg,Thermaltake,Ram,"Capacity: 32 GB (2x16GB), Speed: 4800 MHz, Cas Latency: CL40, Timing: 40-40-40-77, Voltage: 1.10 V, Color: Black, Heat Spreader: yes, Type: DDR5, Warranty:: Lifetime",15490,100,0,0,2023-12-30T02:46:38.737Z,2024-01-08T08:28:07.491Z,1,https://res.cloudinary.com/dr9hunugv/image/upload/v1704702485/hufkjnpj6qovhv8lm9my.webp,,,
,v-color Ram PC DDR4 64GB/4400MHz.CL19 (32GBx2) Skywalker Plus non RGB Golden Armis,v-color Ram PC DDR4 64GB/4400MHz.CL19 (32GBx2) Skywalker Plus non RGB Golden Armis,https://res.cloudinary.com/dr9hunugv/image/upload/v1704702515/que5zdjv6awi9jg9ldde.webp,v-color,Ram,"Capacity: 64 GB (2x32GB), Speed: 4400 MHz, Cas Latency: CL19, Timing: 19-26-26-46, Voltage: 1.5 V, Color: Gold, Heat Spreader: yes, Type: DDR4, Warranty:: Lifetime",10190,100,0,0,2023-12-30T02:46:38.737Z,2024-01-08T08:28:53.041Z,1,https://res.cloudinary.com/dr9hunugv/image/upload/v1704702530/zmrd1s6ha6mt9be1lzbz.jpg,,,
,Thermaltake Ram PC DDR4 16GB/4600MHz. CL19 (8GBX2) TOUGHRAM XG RGB Black,Thermaltake Ram PC DDR4 16GB/4600MHz. CL19 (8GBX2) TOUGHRAM XG RGB Black,https://res.cloudinary.com/dr9hunugv/image/upload/v1704702561/tw5z3e8wcln366skj1v2.jpg,Thermaltake,Ram,"Capacity: 16 GB (2x8GB), Speed: 4600 MHz, Cas Latency: CL19, Timing: 19-26-26-45, Voltage: 1.50 V, Color: Black, Heat Spreader: yes, Type: DDR4, Warranty:: Lifetime",8350,100,0,0,2023-12-30T02:46:38.737Z,2024-01-08T08:29:41.967Z,1,https://res.cloudinary.com/dr9hunugv/image/upload/v1704702579/b29gqlsgvvf1bookhkaw.jpg,,,
,Thermaltake Ram PC DDR4 16GB/4000MHz. CL19 (8GBX2) TOUGHRAM XG RGB Black,Thermaltake Ram PC DDR4 16GB/4000MHz. CL19 (8GBX2) TOUGHRAM XG RGB Black,https://res.cloudinary.com/dr9hunugv/image/upload/v1704702613/ncwhdoenaicart00chit.jpg,Thermaltake,Ram,"Capacity: 16 GB (2x8GB), Speed: 4000 MHz, Cas Latency: CL19, Timing: 19-23-23-42, Voltage: 1.35 V, Color: Black, Heat Spreader: yes, Type: DDR4, Warranty:: Lifetime",6160,100,0,0,2023-12-30T02:46:38.737Z,2024-01-08T08:30:28.055Z,1,https://res.cloudinary.com/dr9hunugv/image/upload/v1704702625/mxioqqmhkzfp75cjtxdq.jpg,,,
,Thermaltake Ram PC DDR4 16GB/4400MHz CL19 (8GBx2) TOUGHRAM RGB (Black),Thermaltake Ram PC DDR4 16GB/4400MHz CL19 (8GBx2) TOUGHRAM RGB (Black),https://res.cloudinary.com/dr9hunugv/image/upload/v1704702647/iv1tcmskr4jfxzjwyxhz.webp,Thermaltake,Ram,"Capacity: 16 GB (2x8GB), Speed: 4400 MHz, Cas Latency: CL19, Timing: 19-25-25-45, Voltage: 1.35 V, Color: Black, Heat Spreader: yes, Type: DDR4, Warranty:: Lifetime",2930,100,0,0,2023-12-30T02:46:38.737Z,2024-01-08T08:30:56.784Z,1,https://res.cloudinary.com/dr9hunugv/image/upload/v1704702654/kce4njhahjsrxskrusud.jpg,,,
,PNY Ram PC DDR4 16GB/4000MHz CL18 (8GBx2) XLR8 RGB,PNY Ram PC DDR4 16GB/4000MHz CL18 (8GBx2) XLR8 RGB,https://res.cloudinary.com/dr9hunugv/image/upload/v1704702675/xppznufqpsdzhxaq19bq.jpg,PNY,Ram,"Capacity: 16 GB (2x8GB), Speed: 4000 MHz, Cas Latency: CL18, Timing: 18-22-22, Voltage: 1.35 V, Color: Black, Heat Spreader: yes, Type: DDR4, Warranty:: Lifetime",3750,100,0,0,2023-12-30T02:46:38.737Z,2024-01-08T08:31:26.248Z,1,https://res.cloudinary.com/dr9hunugv/image/upload/v1704702683/sfkuohrxljbg5kn9auhs.webp,,,
,Crucial Ram PC DDR5 64GB/4800MHz.CL40 (2x32GB) UDIMM Kit Green,Crucial Ram PC DDR5 64GB/4800MHz.CL40 (2x32GB) UDIMM Kit Green,https://res.cloudinary.com/dr9hunugv/image/upload/v1704702708/jx9zpp8377elgtwaryxe.jpg,Crucial,Ram,"Capacity: 64 GB (2x32GB), Speed: 4800 MHz, Cas Latency: CL40, Timing: n/a, Voltage: 1.10 V, Color: Green, Heat Spreader: No, Type: DDR5, Warranty:: Lifetime",18470,100,0,0,2023-12-30T02:46:38.737Z,2024-01-08T08:31:57.974Z,1,https://res.cloudinary.com/dr9hunugv/image/upload/v1704702715/kadl8z6shhzs5zeeeoxr.webp,,,
,G.Skill Ram PC DDR4 64GB/3200MHz.CL16 (32GBx2) Trident Z RGB,G.Skill Ram PC DDR4 64GB/3200MHz.CL16 (32GBx2) Trident Z RGB,https://res.cloudinary.com/dr9hunugv/image/upload/v1704702764/n3huu8hf4kd2lhayzxre.jpg,G.Skill,Ram,"Capacity: 64 GB (2x32GB), Speed: 3200 MHz, Cas Latency: CL16, Timing: 16-18-18-38, Voltage: 1.20 V, Color: Black, Heat Spreader: yes, Type: DDR4, Warranty:: Lifetime",7490,100,0,0,2023-12-30T02:46:38.737Z,2024-01-08T08:33:50.640Z,1,https://res.cloudinary.com/dr9hunugv/image/upload/v1704702776/nhcfx5205j8zpfiurscd.webp,,,
,Corsair Ram PC DDR4 32GB/3200MHz CL16 (16GBx2) Vengeance RGB RT (White),Corsair Ram PC DDR4 32GB/3200MHz CL16 (16GBx2) Vengeance RGB RT (White),https://res.cloudinary.com/dr9hunugv/image/upload/v1704702904/kwkv58ck0omxghbephkp.webp,Corsair,Ram,"Capacity: 32 GB (2x16GB), Speed: 3200 MHz, Cas Latency: CL16, Timing: 16-20-20-38, Voltage: 1.35 V, Color: Black White, Heat Spreader: yes, Type: DDR4, Warranty:: Lifetime",6590,100,0,0,2023-12-30T02:46:38.737Z,2024-01-08T08:35:14.208Z,1,https://res.cloudinary.com/dr9hunugv/image/upload/v1704702911/h62s6zqvp9m2xowak3yp.jpg,,,
,Corsair Ram PC DDR4 32GB/3200MHz. CL16 (16GBX2) Vengeance RGB PRO SL (White),Corsair Ram PC DDR4 32GB/3200MHz. CL16 (16GBX2) Vengeance RGB PRO SL (White),https://res.cloudinary.com/dr9hunugv/image/upload/v1704703112/v43bgevxjdfohrantt7d.webp,Corsair,Ram,"Capacity: 32 GB (2x16GB), Speed: 3200 MHz, Cas Latency: CL16, Timing: 16-20-20-38, Voltage: 1.35 V, Color: White, Heat Spreader: yes, Type: DDR4, Warranty:: Lifetime",6420,100,0,0,2023-12-30T02:46:38.737Z,2024-01-08T08:38:49.282Z,2,https://res.cloudinary.com/dr9hunugv/image/upload/v1704703127/j0putwo8dnpnq6gygew2.jpg,,,
,Corsair Ram PC DDR4 32GB/3200MHz CL16 (16GBx2) Vengeance RGB Pro SL (Black),Corsair Ram PC DDR4 32GB/3200MHz CL16 (16GBx2) Vengeance RGB Pro SL (Black),https://res.cloudinary.com/dr9hunugv/image/upload/v1704702984/ksimtuiugknwgekmlakz.jpg,Corsair,Ram,"Capacity: 32 GB (2x16GB), Speed: 3200 MHz, Cas Latency: CL16, Timing: 16-20-20-38, Voltage: 1.35 V, Color: Black, Heat Spreader: yes, Type: DDR4, Warranty:: Lifetime",5950,100,0,0,2023-12-30T02:46:38.737Z,2024-01-08T08:36:32.312Z,1,https://res.cloudinary.com/dr9hunugv/image/upload/v1704702990/gsqjaz78xaf4up1l3wfc.jpg,,,
,Kingston Ram PC DDR4 32GB/3200MHz CL16 (16GBx2) FURY Beast (Black),Kingston Ram PC DDR4 32GB/3200MHz CL16 (16GBx2) FURY Beast (Black),https://res.cloudinary.com/dr9hunugv/image/upload/v1704764979/oeoloetvjeehetn9ac9f.jpg,Kingston,Ram,"Capacity: 32 GB (2x16GB), Speed: 3200 MHz, Cas Latency: CL16, Timing: 16-18-18, Voltage: 1.35 V, Color: Black, Heat Spreader: yes, Type: DDR4, Warranty:: Lifetime",5930,100,0,0,2023-12-30T02:46:38.737Z,2024-01-09T01:49:47.070Z,1,https://res.cloudinary.com/dr9hunugv/image/upload/v1704764985/cuetqzx37fmmdv6kdgcy.webp,,,
,Corsair Ram PC DDR4 32GB/3200MHz CL16 (16GBx2) Vengeance RGB RS (Black),Corsair Ram PC DDR4 32GB/3200MHz CL16 (16GBx2) Vengeance RGB RS (Black),https://res.cloudinary.com/dr9hunugv/image/upload/v1704765165/ic13r0pjctxiu7ihocl9.webp,Corsair,Ram,"Capacity: 32 GB (2x16GB), Speed: 3200 MHz, Cas Latency: CL16, Timing: 16-20-20-38, Voltage: 1.35 V, Color: Black, Heat Spreader: yes, Type: DDR4, Warranty:: Lifetime",5890,100,0,0,2023-12-30T02:46:38.737Z,2024-01-09T01:52:52.877Z,2,https://res.cloudinary.com/dr9hunugv/image/upload/v1704765170/i8tape0mtmktds3sgsgy.webp,,,
,GALAX VGA GeForce RTX 4090 SG White 1-Click OC 24GB GDDR6X 384-bit,GALAX VGA GeForce RTX 4090 SG White 1-Click OC 24GB GDDR6X 384-bit,https://res.cloudinary.com/dr9hunugv/image/upload/v1704765453/mv0gb7aqgpt8eynugyoe.jpg,GALAX,Gpu,"Chipset: Manufacturer: NVIDIA GeForce, GPU: GeForce RTX 4090, Core Clock: 2235 MHz, Boost Clock: 2580 MHz (1-Click-OC Clock: 2595 MHz), Stream Processors: 16384 Units, Memory Clock: 21.0 Gbps, Memory Size: 24 GB, Memory Interface: 384-bit, Memory Type: GDDR6X, Interface: PCIe 4.0 x16, OpenGL: 4.6, HDMI: 1x HDMI v2.1, Display Port: 3x DisplayPort 1.4a, DVI: No, CrossFireX SLI Support: No, Cooler: 3x 102 mm Cooling fans (WING 2.0 with Fan stop), Dual Link DVI Support: No, System Requirements: PSU 850 W, Power Connector: 1x 16-pin Power Connector, Warranty:: 3 year",68900,100,0,0,2023-12-30T02:46:38.737Z,2024-01-09T01:57:43.440Z,1,,,,
,MSI VGA GeForce RTX 4090 SUPRIM 24GB GDDR6X 384-bit,MSI VGA GeForce RTX 4090 SUPRIM 24GB GDDR6X 384-bit,https://res.cloudinary.com/dr9hunugv/image/upload/v1704765977/pzer2u3mgx3r5onfiydw.webp,MSI,Gpu,"Chipset: Manufacturer: NVIDIA GeForce, GPU: GeForce RTX 4090, Core Clock: 2235 MHz, Boost Clock: 2595 MHz (Extreme Performance: 2610 MHz with MSI Center), Stream Processors: 16384 Units, Memory Clock: 21.0 Gbps, Memory Size: 24 GB, Memory Interface: 384-bit, Memory Type: GDDR6X, Interface: PCIe 4.0 x16, OpenGL: 4.6, HDMI: 1x HDMI v2.1a, Display Port: 3x DisplayPort 1.4a, DVI: No, CrossFireX SLI Support: No, Cooler: TRI FROZR 3S, Dual Link DVI Support: No, System Requirements: PSU 1000 W, Power Connector: 1x 16-pin Power Connector, Warranty:: 3 year",67900,100,0,0,2023-12-30T02:46:38.737Z,2024-01-09T02:06:38.287Z,2,https://res.cloudinary.com/dr9hunugv/image/upload/v1704765995/toxk1wzffwhbjtf5yeiz.webp,,,
,COLORFUL VGA RTX 4090 Vulcan OC-V 24GB GDDR6X 384-bit,COLORFUL VGA RTX 4090 Vulcan OC-V 24GB GDDR6X 384-bit,https://res.cloudinary.com/dr9hunugv/image/upload/v1704765701/tkmi9fo3tbvemd8u4eqn.webp,COLORFUL,Gpu,"Chipset: Manufacturer: NVIDIA GeForce, GPU: GeForce RTX 4090, Core Clock: 2235 MHz, Boost Clock: 2520 MHz (One-Key OC : 2625 MHz), Stream Processors: 16384 Units, Memory Clock: 21.0 Gbps, Memory Size: 24 GB, Memory Interface: 384-bit, Memory Type: GDDR6X, Interface: PCIe 4.0 x16, OpenGL: 4.6, HDMI: 1x HDMI 2.1, Display Port: 3x DisplayPort 1.4a, DVI: No, CrossFireX SLI Support: No, Cooler: 3 FAN, Dual Link DVI Support: No, System Requirements: PSU 1000 W, Power Connector: 1x 16-pin Power Connector (12VHPWR), Warranty:: 3 year",67380,100,0,0,2023-12-30T02:46:38.737Z,2024-01-09T02:01:50.464Z,1,https://res.cloudinary.com/dr9hunugv/image/upload/v1704765709/cdtq8aszsgbi8jemqh0y.webp,,,
,GALAX VGA RTX 4090 SG (1-Click OC) 24GB GDDR6X 384-bit,GALAX VGA RTX 4090 SG (1-Click OC) 24GB GDDR6X 384-bit,https://res.cloudinary.com/dr9hunugv/image/upload/v1704765930/jq1gsdhyaghcypy2l0um.jpg,GALAX,Gpu,"Chipset: Manufacturer: NVIDIA GeForce, GPU: GeForce RTX 4090, Core Clock: 2235 MHz, Boost Clock: 2580 MHz (1-Click OC Clock: 2595 MHz), Stream Processors: 16384 Units, Memory Clock: 21.0 Gbps, Memory Size: 24 GB, Memory Interface: 384-bit, Memory Type: GDDR6X, Interface: PCIe 4.0 x16, OpenGL: 4.6, HDMI: 1x HDMI v2.1, Display Port: 3x DisplayPort 1.4a, DVI: No, CrossFireX SLI Support: No, Cooler: 3x 102 mm Cooling fans (WING 2.0 with Fan stop), Dual Link DVI Support: No, System Requirements: PSU 850 W, Power Connector: 1x 16-pin Power Connector (12VHPWR), Warranty:: 3 year",64900,100,0,0,2023-12-30T02:46:38.737Z,2024-01-09T02:05:35.711Z,1,https://res.cloudinary.com/dr9hunugv/image/upload/v1704765935/vu292bp3itpadeibf8zf.jpg,,,
,COLORFUL VGA RTX 4090 Advanced OC-V 24GB GDDR6X 384-bit,COLORFUL VGA RTX 4090 Advanced OC-V 24GB GDDR6X 384-bit,https://res.cloudinary.com/dr9hunugv/image/upload/v1704766057/oh4vs9xi3ss3nk1jmq6y.webp,COLORFUL,Gpu,"Chipset: Manufacturer: NVIDIA GeForce, GPU: GeForce RTX 4090, Core Clock: 2235 MHz, Boost Clock: 2520 MHz (One-Key OC: 2610 MHz), Stream Processors: 16384 Units, Memory Clock: 21.0 Gbps, Memory Size: 24 GB, Memory Interface: 384-bit, Memory Type: GDDR6X, Interface: PCIe 4.0 x16, OpenGL: 4.6, HDMI: 1x HDMI v2.1, Display Port: 3x DisplayPort 1.4a, DVI: No, CrossFireX SLI Support: No, Cooler: 3 Fan with HeatSink, Dual Link DVI Support: No, System Requirements: PSU 1000 W, Power Connector: 1x 16-pin Power Connector (12VHPWR), Warranty:: 3 year",63980,100,0,0,2023-12-30T02:46:38.737Z,2024-01-09T02:07:45.454Z,1,https://res.cloudinary.com/dr9hunugv/image/upload/v1704766063/nvtftss0z4h3xip6t9yv.webp,,,
,COLORFUL VGA RTX 4090 NB EX-V 24GB GDDR6X 384-bit,COLORFUL VGA RTX 4090 NB EX-V 24GB GDDR6X 384-bit,https://res.cloudinary.com/dr9hunugv/image/upload/v1704766143/tkcx2iaeapyoylcx3gs5.webp,COLORFUL,Gpu,"Chipset: Manufacturer: NVIDIA GeForce, GPU: GeForce RTX 4090, Core Clock: 2235 MHz, Boost Clock: No, Stream Processors: 16384 Units, Memory Clock: 21.0 Gbps, Memory Size: 24 GB, Memory Interface: 384-bit, Memory Type: GDDR6X, Interface: PCIe 4.0 x16, OpenGL: 4.6, HDMI: 1x HDMI v2.1, Display Port: 3x DisplayPort 1.4a, DVI: No, CrossFireX SLI Support: No, Cooler: 3 FAN with HeatSink, Dual Link DVI Support: No, System Requirements: PSU 1000 W, Power Connector: 1x 16-pin Power Connector (12VHPWR), Warranty:: 3 year",63780,100,0,0,2023-12-30T02:46:38.737Z,2024-01-09T02:09:09.239Z,1,https://res.cloudinary.com/dr9hunugv/image/upload/v1704766147/kqodvh2roflshzluml6h.webp,,,
,COLORFUL VGA iGame RTX 4080 Vulcan OC-V 16GB GDDR6X 256-bit,COLORFUL VGA iGame RTX 4080 Vulcan OC-V 16GB GDDR6X 256-bit,https://res.cloudinary.com/dr9hunugv/image/upload/v1704766172/puxvf7lstt9y6wg5sjgm.webp,COLORFUL,Gpu,"Chipset: Manufacturer: NVIDIA GeForce, GPU: GeForce RTX 4080, Core Clock: 2205 MHz, Boost Clock: 2505 MHz (One-Key OC: 2640 MHz), Stream Processors: 9728 Units, Memory Clock: 22.4 Gbps, Memory Size: 16 GB, Memory Interface: 256-bit, Memory Type: GDDR6X, Interface: PCIe 4.0 x16, OpenGL: 4.6, HDMI: 1x HDMI v2.1, Display Port: 3x DisplayPort 1.4a, DVI: No, CrossFireX SLI Support: No, Cooler: 3 FAN, Dual Link DVI Support: No, System Requirements: PSU 850 W, Power Connector: 1x 16-pin Power Connector (12VHPWR), Warranty:: 3 year",47980,100,0,0,2023-12-30T02:46:38.737Z,2024-01-09T02:09:39.333Z,1,https://res.cloudinary.com/dr9hunugv/image/upload/v1704766176/ug0cfksr2kzzny305rsg.webp,,,
,COLORFUL VGA iGame RTX 4070 Ti Vulcan OC-V 12GB GDDR6X 192-bit,COLORFUL VGA iGame RTX 4070 Ti Vulcan OC-V 12GB GDDR6X 192-bit,https://res.cloudinary.com/dr9hunugv/image/upload/v1704766210/xs08yledig8tvufe08zm.webp,COLORFUL,Gpu,"Chipset: Manufacturer: NVIDIA GeForce, GPU: GeForce RTX 4070 Ti, Core Clock: 2310 MHz, Boost Clock: 2610 MHz (One-Key OC: 2775 MHz), Stream Processors: 7680 Units, Memory Clock: 21.0 Gbps, Memory Size: 12 GB, Memory Interface: 192-bit, Memory Type: GDDR6X, Interface: PCIe 4.0 x16, OpenGL: 4.6, HDMI: 1x HDMI v2.1, Display Port: 3x DisplayPort 1.4a, DVI: No, CrossFireX SLI Support: No, Cooler: 3 FAN, Dual Link DVI Support: No, System Requirements: PSU 750 W, Power Connector: 1x 16-pin Power Connector (12VHPWR), Warranty:: 3 year",34900,100,0,0,2023-12-30T02:46:38.737Z,2024-01-09T02:10:20.007Z,1,https://res.cloudinary.com/dr9hunugv/image/upload/v1704766218/pfnnfttbvhimgawjfmzz.jpg,,,
,MSI VGA RX 6950 XT GAMING X TRIO 16GB GDDR6 256-bit,MSI VGA RX 6950 XT GAMING X TRIO 16GB GDDR6 256-bit,https://res.cloudinary.com/dr9hunugv/image/upload/v1704766239/w9mtopxyxlhzr97os6to.webp,MSI,Gpu,"Chipset: Manufacturer: AMD Radeon, GPU: Radeon RX 6950 XT, Core Clock: 1925 MHz, Boost Clock: 2454 MHz, Stream Processors: 5120 Units, Memory Clock: 18.0 Gbps, Memory Size: 16 GB, Memory Interface: 256-bit, Memory Type: GDDR6, Interface: PCIe 4.0 x16, OpenGL: 4.6, HDMI: 1x HDMI v2.1, Display Port: 3x DisplayPort 1.4, DVI: No, CrossFireX SLI Support: No, Cooler: TRI FROZR 2 Thermal Design, Dual Link DVI Support: No, System Requirements: PSU 850 W, Power Connector: 3x 8-pin Power Connector, Warranty:: 3 year",35900,100,0,0,2023-12-30T02:46:38.737Z,2024-01-09T02:10:57.740Z,1,https://res.cloudinary.com/dr9hunugv/image/upload/v1704766254/wbrsjznmy9xp2q6hd7qi.webp,,,
,ASRock VGA RX 6900 XT OC Formula 16GB GDDR6 256-bit,ASRock VGA RX 6900 XT OC Formula 16GB GDDR6 256-bit,https://res.cloudinary.com/dr9hunugv/image/upload/v1704766323/xvvcommdpt7squ57hnwi.jpg,ASRock,Gpu,"Chipset: Manufacturer: AMD Radeon, GPU: Radeon RX 6900 XT, Core Clock: 2125 MHz, Boost Clock: 2475 MHz, Stream Processors: 5120 Units, Memory Clock: 16.0 Gbps, Memory Size: 16 GB, Memory Interface: 256-bit, Memory Type: GDDR6, Interface: PCIe 4.0 x16, OpenGL: 4.6, HDMI: 1x HDMI 2.1, Display Port: 3x DisplayPort v1.4, DVI: No, CrossFireX SLI Support: n/a, Cooler: 3 Fan , OC Formula 3X Cooling System, Dual Link DVI Support: n/a, System Requirements: PSU 1000 W, Power Connector: 3x 8-pin Power Connector, Warranty:: 3 year",28900,100,0,0,2023-12-30T02:46:38.737Z,2024-01-09T02:12:36.091Z,1,https://res.cloudinary.com/dr9hunugv/image/upload/v1704766349/clrptp0jldgueqpbzg1x.jpg,,,
,MSI VGA RX 6900 XT GAMING Z TRIO 16G GDDR6 256-bit,MSI VGA RX 6900 XT GAMING Z TRIO 16G GDDR6 256-bit,https://res.cloudinary.com/dr9hunugv/image/upload/v1704766383/tlyszcyezfrtzay9ith3.jpg,MSI,Gpu,"Chipset: Manufacturer: AMD Radeon, GPU: Radeon RX 6900 XT, Core Clock: 1825 MHz, Boost Clock: 2425 MHz, Stream Processors: 5120 Units, Memory Clock: 16.0 Gbps, Memory Size: 16 GB, Memory Interface: 256-bit, Memory Type: GDDR6, Interface: PCIe 4.0 x16, OpenGL: 4.6, HDMI: 1x HDMI 2.1, Display Port: 3x DisplayPort 1.4, DVI: No, CrossFireX SLI Support: No, Cooler: 3 Fan, Dual Link DVI Support: No, System Requirements: PSU 850 W, Power Connector: 3x 8-pin Power Connector, Warranty:: 3 year",25900,100,0,0,2023-12-30T02:46:38.737Z,2024-01-09T02:13:20.340Z,1,https://res.cloudinary.com/dr9hunugv/image/upload/v1704766398/zbjqireinb5oar8vay1h.webp,,,
,AsRock VGA Radeon RX 6900 XT Phantom Gaming D OC 16GB GDDR6 256-bit,AsRock VGA Radeon RX 6900 XT Phantom Gaming D OC 16GB GDDR6 256-bit,https://res.cloudinary.com/dr9hunugv/image/upload/v1704766440/ynh8x4ysbf8u8b2zrcb9.jpg,ASRock,Gpu,"Chipset: Manufacturer: AMD Radeon, GPU: Radeon RX 6900 XT, Core Clock: 1925 MHz, Boost Clock: 2340 MHz, Stream Processors: 5120 Units, Memory Clock: 16.0 Gbps, Memory Size: 16 GB, Memory Interface: 256-bit, Memory Type: GDDR6, Interface: PCIe 4.0 x16, OpenGL: 4.6, HDMI: 1x HDMI 2.1, Display Port: 3x DisplayPort v1.4, DVI: No, CrossFireX SLI Support: yes, Cooler: Phantom Gaming 3X Cooling System, Dual Link DVI Support: n/a, System Requirements: PSU 900 W, Power Connector: 3x 8-pin Power Connector, Warranty:: 3 year",25900,100,0,0,2023-12-30T02:46:38.737Z,2024-01-09T02:14:11.389Z,1,https://res.cloudinary.com/dr9hunugv/image/upload/v1704766449/z0v51tmbznadsmfxaelh.jpg,,,
,POWER COLOR VGA Red Devil AMD Radeon RX 6800 XT 16GB GDDR6 256-bit,POWER COLOR VGA Red Devil AMD Radeon RX 6800 XT 16GB GDDR6 256-bit,https://res.cloudinary.com/dr9hunugv/image/upload/v1704766494/uxnlx4ufbg4ezlmwwwth.jpg,POWER-COLOR,Gpu,"Chipset: Manufacturer: AMD Radeon, GPU: Radeon RX 6800 XT, Core Clock: 2090 MHz, Boost Clock: 2340 MHz, Stream Processors: 4608 Units, Memory Clock: 16.0 Gbps, Memory Size: 16 GB, Memory Interface: 256-bit, Memory Type: GDDR6, Interface: PCIe 4.0 x16, OpenGL: 4.6, HDMI: 1x HDMI 2.1, Display Port: 3x DisplayPort v1.4, DVI: No, CrossFireX SLI Support: yes, Cooler: Triple Fan, Dual Link DVI Support: n/a, System Requirements: PSU 850 W, Power Connector: 2x 8-pin Power Connector, Warranty:: 3 year",19900,100,0,0,2023-12-30T02:46:38.737Z,2024-01-09T02:15:06.984Z,1,https://res.cloudinary.com/dr9hunugv/image/upload/v1704766505/lr0lotqjwsjzlcny8kva.jpg,,,
,ASRock VGA RX 6700 XT Challenger D 12GB GDDR6 192-bit,ASRock VGA RX 6700 XT Challenger D 12GB GDDR6 192-bit,https://res.cloudinary.com/dr9hunugv/image/upload/v1704766525/l0a0fdq4ljjpzpjizman.jpg,ASRock,Gpu,"Chipset: Manufacturer: AMD Radeon, GPU: Radeon RX 6700 XT, Core Clock: 2321 MHz, Boost Clock: 2581 MHz, Stream Processors: 2560 Units, Memory Clock: 16.0 Gbps, Memory Size: 12 GB, Memory Interface: 192-bit, Memory Type: GDDR6, Interface: PCIe 4.0 x16, OpenGL: 4.6, HDMI: 1x HDMI 2.1, Display Port: 3x DisplayPort v1.4, DVI: No, CrossFireX SLI Support: yes, Cooler: 2 FAN, Dual Link DVI Support: n/a, System Requirements: PSU 650 W, Power Connector: 2x 8-pin Power Connector, Warranty:: 3 year",13900,100,0,0,2023-12-30T02:46:38.737Z,2024-01-09T02:15:37.615Z,1,https://res.cloudinary.com/dr9hunugv/image/upload/v1704766537/bzkdxg7gicepma4kiwa7.jpg,,,
,MSI VGA RX 6600 XT GAMING 8GB GDDR6 128-bit,MSI VGA RX 6600 XT GAMING 8GB GDDR6 128-bit,https://res.cloudinary.com/dr9hunugv/image/upload/v1704766568/xhg9jkywlxi1zc0r7ynz.webp,MSI,Gpu,"Chipset: Manufacturer: AMD Radeon, GPU: Radeon RX 6600 XT, Core Clock: 1968 MHz, Boost Clock: 2589 MHz, Stream Processors: 2048 Units, Memory Clock: 16.0 Gbps, Memory Size: 8 GB, Memory Interface: 128-bit, Memory Type: GDDR6, Interface: PCIe 4.0 x8, OpenGL: 4.6, HDMI: 1x HDMI 2.1, Display Port: 3x DisplayPort 1.4, DVI: No, CrossFireX SLI Support: No, Cooler: TWIN FROZR 8, Dual Link DVI Support: No, System Requirements: PSU 500 W, Power Connector: 1x 8-pin Power Connector, Warranty:: 3 year",11500,100,0,0,2023-12-30T02:46:38.737Z,2024-01-09T02:17:31.815Z,1,https://res.cloudinary.com/dr9hunugv/image/upload/v1704766578/cj3nmlkfyemaunwflaq5.webp,,,
,SilverStone Power Supply DA1650 1650Watt 80+ Gold,SilverStone Power Supply DA1650 1650Watt 80+ Gold,https://res.cloudinary.com/dr9hunugv/image/upload/v1704766689/e860nrfbknci7drkgijs.webp,SilverStone,PowerSupply,"Type: Fully Modular, Maximum Power: 1650 W, PCI-Express Connector: x8, SATA Power Connector: x16, Fans: 135 mm, Input voltage: 100-240 Vac, Input Current: 20 A, Input Frequency Range: 50-60 Hz, Complies With ATX 24 Pin: yes, Complies with ATX 12V: yes, SLI: yes, CrossFire: yes, Energy Efficient: 80 Plus Gold, Dimensions W x D x H:: 15.0 x 18.0 x 8.6 cm, Weight: 2.09 Kg, Warranty:: 5 year, Option: n/a",10170,100,0,0,2023-12-30T02:46:38.737Z,2024-01-09T02:18:26.217Z,1,https://res.cloudinary.com/dr9hunugv/image/upload/v1704766701/x5m3l3czabjgjebc36np.jpg,,,
,Asus Power Supply ROG-STRIX-1000G Aura-Gaming,Asus Power Supply ROG-STRIX-1000G Aura-Gaming,https://res.cloudinary.com/dr9hunugv/image/upload/v1704766723/ykgeb4b9kxabpgmnvxah.jpg,Asus,PowerSupply,"Type: Fully Modular, Maximum Power: 1000 W, PCI-Express Connector: x4 (6+2 pin), x1 (12+4 pin), SATA Power Connector: x5, Fans: 135 mm, Input voltage: 100-240 Vac, Input Current: 22 A, Input Frequency Range: 50-60 Hz, Complies With ATX 24 Pin: yes, Complies with ATX 12V: yes, SLI: yes, CrossFire: yes, Energy Efficient: 80 Plus Gold, Dimensions W x D x H:: 15.0 x 18.0 x 8.6 cm, Weight: 3.03 Kg, Warranty:: 10 year, Option: Protection: OCP, OVP, UVP, OPP, SCP, OTP",35900,100,0,0,2023-12-30T02:46:38.737Z,2024-01-09T02:19:14.903Z,1,https://res.cloudinary.com/dr9hunugv/image/upload/v1704766733/xsxdrar9dt7fg9lhgu1t.jpg,,,
,Thermaltake Power Supply Toughpower GF3 1350Watt 80+Gold Premium Edition,Thermaltake Power Supply Toughpower GF3 1350Watt 80+Gold Premium Edition,https://res.cloudinary.com/dr9hunugv/image/upload/v1704766777/uvueffmf5zmeh6tcajdt.jpg,Thermaltake,PowerSupply,"Type: Fully Modular, Maximum Power: 1350 W, PCI-Express Connector: x1 (12+4 pin), x6 (6+2 pin), SATA Power Connector: x12, Fans: 140 mm, Input voltage: 100-240 Vac, Input Current: 16.0 A - 8.0 A, Input Frequency Range: 50-60 Hz, Complies With ATX 24 Pin: yes, Complies with ATX 12V: yes, SLI: yes, CrossFire: yes, Energy Efficient: 80 Plus Gold, Dimensions W x D x H:: 15.0 x 16.0 x 8.6 cm, Weight: 1.83 Kg, Warranty:: 10 year, Option: Protection OCP, OVP, UVP, OPP, SCP, OTP",35900,100,0,0,2023-12-30T02:46:38.737Z,2024-01-09T02:19:48.477Z,1,https://res.cloudinary.com/dr9hunugv/image/upload/v1704766787/iovx8zgf3ofo0ykgqvhl.jpg,,,
,Asus Power Supply TUF-Gaming-1200G 1200Watt 80+ Gold,Asus Power Supply TUF-Gaming-1200G 1200Watt 80+ Gold,https://res.cloudinary.com/dr9hunugv/image/upload/v1704766813/a43limctkz6zb1gagbmg.jpg,Asus,PowerSupply,"Type: Fully Modular, Maximum Power: 1200 W, PCI-Express Connector: x3 (6+2 pin), x2 (16-pin), SATA Power Connector: x5 ,Fans: 135 m ,Input, voltage: 100-240 Vac, Input Current: n/a, Input Frequency Range: 50-60 Hz, Complies With ATX 24 Pin: yes, Complies with ATX 12V: yes, SLI: yes, CrossFire: yes, Energy Efficient: 80 Plus Gold, Dimensions W x D x H:: 15.0 x 15.0 x 8.6 cm, Weight: 2.66 Kg, Warranty:: 10 year, Option: Protection: OCP, OVP, UVP, OPP, SCP, OTP",35900,100,0,0,2023-12-30T02:46:38.737Z,2024-01-09T02:20:25.219Z,1,https://res.cloudinary.com/dr9hunugv/image/upload/v1704766823/weebppmchtc6mlmzcyhe.jpg,,,
,Be Quiet Power Supply Dark Power 12 1000Watt,Be Quiet Power Supply Dark Power 12 1000Watt,https://res.cloudinary.com/dr9hunugv/image/upload/v1704767319/dsgg4ov6q2vz4ocm0vd1.jpg,Be-Quiet,PowerSupply,"Type: Fully Modular, Maximum Power: 1000 W, PCI-Express Connector: x8 (6+2 pin), SATA Power Connector: x13, Fans: 135 mm, Input voltage: 100-240 Vac, Input Current: 14 A, Input Frequency Range: 50-60 Hz, Complies With ATX 24 Pin: yes, Complies with ATX 12V: yes, SLI: yes, CrossFire: n/a, Energy Efficient: 80 Plus Titanium, Dimensions W x D x H:: 20.0 x 15.0 x 8.6 cm, Weight: 2.41 Kg, Warranty:: 10 year, Option: 80 PLUS certification Titanium",35900,100,0,0,2023-12-30T02:46:38.737Z,2024-01-09T02:28:48.170Z,1,https://res.cloudinary.com/dr9hunugv/image/upload/v1704767322/b34rwibmzfcjxve0ee9t.jpg,,,
,Thermaltake Power Supply TOUGHPOWER PF1 ARGB 1050W,Thermaltake Power Supply TOUGHPOWER PF1 ARGB 1050W,https://res.cloudinary.com/dr9hunugv/image/upload/v1704767360/duvi8pvzfkfwjhtbe0au.webp,Thermaltake,PowerSupply,"Type: Fully Modular, Maximum Power: 1050 W, PCI-Express Connector: x8 (6+2 pin), SATA Power Connector: n/a, Fans: 140 mm, Input voltage: 100, 240 Vac, Input Current: 13 A, Input Frequency Range: 50-60 Hz ,Complies With ATX 24 Pin: yes, Complies with ATX 12V: yes, SLI: yes, CrossFire: yes, Energy Efficient: 80 Plus Platinum, Dimensions W x D x H:: 15.0 x 8.6 x 18.0 cm, Weight: n/a, Warranty:: 10 year, Option: Protection OCP, OVP, UVP, OPP, SCP, OTP",35900,100,0,0,2023-12-30T02:46:38.737Z,2024-01-09T02:29:27.663Z,1,,,,
,Deepcool Power Supply PX1200G 1200Watt 80 Plus Gold,Deepcool Power Supply PX1200G 1200Watt 80 Plus Gold,https://res.cloudinary.com/dr9hunugv/image/upload/v1704767384/sxksqqlc5v8agw1pgqnb.webp,Deepcool,PowerSupply,"Type: Fully Modular, Maximum Power: 1200 W, PCI-Express Connector: x1 (12VHPWR - 16Pin), x3 (6+2Pin), SATA Power Connector: x2, Fans: 135 mm, Input voltage: 100-240 Vac, Input Current: n/a, Input Frequency Range: 47-63 Hz, Complies With ATX 24 Pin: yes, Complies with ATX 12V: yes, SLI: No, CrossFire: No, Energy Efficient: 80 Plus Gold, Dimensions W x D x H:: 15.0 x 16.0 x 8.6 cm, Weight: 1.5 Kg, Warranty:: 10 year, Option: Protection: OPP, OVP, SCP, OTP, OCP, UVP",8490,100,0,0,2023-12-30T02:46:38.737Z,2024-01-09T02:29:48.655Z,1,https://res.cloudinary.com/dr9hunugv/image/upload/v1704767388/esl7ihny71ewcwl313vp.jpg,,,
,NZXT Power Supply C1200 1200Watt GOLD,NZXT Power Supply C1200 1200Watt GOLD,https://res.cloudinary.com/dr9hunugv/image/upload/v1704767445/qzsa8a7fg1qetd1td57w.jpg,NZXT,PowerSupply,"Type: Fully Modular, Maximum Power: 1200 W, PCI-Express Connector: x2 (6+2 pin), x1 16-pin (12VHPWR), SATA Power Connector: x8, Fans: 135 mm, Input voltage: 100-240 Vac, Input Current: 14-7 A, Input Frequency Range: 50-60 Hz, Complies With ATX 24 Pin: yes, Complies with ATX 12V: yes, SLI: yes, CrossFire: yes, Energy Efficient: 80 Plus Gold, Dimensions W x D x H:: 15.0 x 15.0 x 8.6 cm, Weight: 1.64 Kg, Warranty:: 10 year, Option: Protection: OCP, OVP, UVP, OPP, SCP, OTP",8190,100,0,0,2023-12-30T02:46:38.737Z,2024-01-09T02:30:52.024Z,2,https://res.cloudinary.com/dr9hunugv/image/upload/v1704767449/yhdsu9q2gxxd8ne3rgsr.webp,,,
,Corsair Power Supply AX1600i 1600Watt 80+Titanium,Corsair Power Supply AX1600i 1600Watt 80+Titanium,https://res.cloudinary.com/dr9hunugv/image/upload/v1704767583/bznynjibefvpllmhkh7v.jpg,Corsair,PowerSupply,"Type: Fully Modular, Maximum Power: 1600 W, PCI-Express Connector: x10 (6+2 pin), SATA Power Connector: x16, Fans: 140 mm, Input voltage: 100-240 Vac, Input Current: 15A-9A, Input Frequency Range: 50-60 Hz, Complies With ATX 24 Pin: yes, Complies with ATX 12V: yes, SLI: yes, CrossFire: yes, Energy Efficient: 80 Plus Titanium, Dimensions W x D x H:: 15.0 x 20.0 x 8.6 cm, Weight: 2.3 Kg, Warranty:: 10 year, Option: Protection: OCP, OVP, UVP, OPP, SCP, OTP",20990,100,0,0,2023-12-30T02:46:38.737Z,2024-01-09T02:33:08.119Z,1,,,,
,Thermaltake Power Supply Toughpower TF1 1550Watt,Thermaltake Power Supply Toughpower TF1 1550Watt,https://res.cloudinary.com/dr9hunugv/image/upload/v1704768484/jqz3o6ilbk7xfvcnonfd.jpg,Thermaltake,PowerSupply,"Type: Fully Modular, Maximum Power: 1550 W, PCI-Express Connector: x8, SATA Power Connector: x12, Fans: 140 mm, Input voltage: 100-240 Vac, Input Current: 18 A, Input Frequency Range: 50-60 Hz, Complies With ATX 24 Pin: yes, Complies with ATX 12V: yes, SLI: yes, CrossFire: yes, Energy Efficient: 80 Plus Titanium, Dimensions W x D x H:: 15.0 x 18.0x 8.6 cm, Weight: 5.0 Kg, Warranty:: 10 year, Option: Protection CE/cTUVus/TÜV/FCC/BSMI/EAC/ CCC",14900,100,0,0,2023-12-30T02:46:38.737Z,2024-01-09T02:48:05.030Z,1,,,,
,Be Quiet Power Supply Dark Power Pro 12 1500Watt,Be Quiet Power Supply Dark Power Pro 12 1500Watt,https://res.cloudinary.com/dr9hunugv/image/upload/v1704768579/vvc0t91lpu7bngwgrohq.jpg,Be-Quiet,PowerSupply,"Type: Fully Modular, Maximum Power: 1500 W, PCI-Express Connector: x10 (6+2 pin), SATA Power Connector: x16, Fans: 135 mm, Input voltage: 100, 240 Vac, Input Current: 17 A, Input Frequency Range: 50-60 Hz, Complies With ATX 24 Pin: yes, Complies with ATX 12V: yes, SLI: yes, CrossFire: n/a,, Energy Efficient: 80 Plus Titanium, Dimensions W x D x H:: 20.0 x 15.0 x 8.6 cm, Weight: 2.41 Kg, Warranty:: 10 year, Option: 80 PLUS certification Titanium",15990,100,0,0,2023-12-30T02:46:38.737Z,2024-01-09T02:49:43.162Z,1,,,,
,Thermaltake Power Supply Toughpower GF3 1650Watt 80+Gold,Thermaltake Power Supply Toughpower GF3 1650Watt 80+Gold,https://res.cloudinary.com/dr9hunugv/image/upload/v1704768509/xvud49xayifztglhtewj.jpg,Thermaltake,PowerSupply,"Type: Fully Modular, Maximum Power: 1650 W, PCI-Express Connector: x2 (12+4 pin), x9 (6+2 pin), SATA Power Connector: x16, Fans: 140 mm, Input, voltage: 100-250 Vac, Input Current: 20.0 A - 16.0 A, Input Frequency Range: 50-60 Hz, Complies With ATX 24 Pin: yes, Complies with ATX 12V:, yes, SLI: yes, CrossFire: yes, Energy Efficient: 80 Plus Gold, Dimensions W x D x H:: 18.0 x 15.0 x 8.6 cm, Weight: 2.15 Kg, Warranty:: 10 year, Option: Protection: OCP, OVP, UVP, OPP, SCP, OTP",12990,100,0,0,2023-12-30T02:46:38.737Z,2024-01-09T02:48:29.622Z,1,,,,
,Be Quiet Power Supply Dark Power Pro 12 1200Watt,Be Quiet Power Supply Dark Power Pro 12 1200Watt,https://res.cloudinary.com/dr9hunugv/image/upload/v1704767540/pm9evxrvfvojnoe52qyq.jpg,Be-Quiet,PowerSupply,"Type: Fully Modular, Maximum Power: 1200 W, PCI-Express Connector: x10 (6+2 pin), SATA Power Connector: x16, Fans: 135 mm, Input voltage: 100, 240 Vac, Input Current: 16 A, Input Frequency Range: 50-60 Hz, Complies With ATX 24 Pin: yes, Complies with ATX 12V: yes, SLI: yes, CrossFire: n/a, Energy Efficient: 80 Plus Titanium, Dimensions W x D x H:: 20.0 x 15.0 x 8.6 cm, Weight: 2.41 Kg, Warranty:: 10 year, Option: 80 PLUS certification Titanium",6290,100,0,0,2023-12-30T02:46:38.737Z,2024-01-09T02:32:24.176Z,1,https://res.cloudinary.com/dr9hunugv/image/upload/v1704767542/qjghy4ghaeja0capn1p1.webp,,,
,Thermaltake Power Supply Toughpower GF A3 1050Watt 80 Plus Gold,Thermaltake Power Supply Toughpower GF A3 1050Watt 80 Plus Gold,https://res.cloudinary.com/dr9hunugv/image/upload/v1704767559/eazxfsdnpn1rr4vdzpgh.webp,Thermaltake,PowerSupply,"Type: Fully Modular, Maximum Power: 1050 W, PCI-Express Connector: x1 (12+4 pin), x5 (6+2 pin), SATA Power Connector: x12, Fans: 120 mm, Input voltage: 100-240 Vac, Input Current: 15 A, Input Frequency Range: 50-60 Hz, Complies With ATX 24 Pin: yes, Complies with ATX 12V: yes, SLI: n/a, CrossFire: n/a, Energy Efficient: 80 Plus Gold, Dimensions W x D x H:: 15.0 x 14.0 x 8.6 cm, Weight: 1.88 Kg, Warranty:: 10 year, Option: n/a",35900,100,0,0,2023-12-30T02:46:38.737Z,2024-01-09T02:32:41.607Z,1,https://res.cloudinary.com/dr9hunugv/image/upload/v1704767561/o65lm1rvzubjhq3zax7u.jpg,,,
,Cooler Master Computer Case HAF 700 EVO Black,Cooler Master Computer Case HAF 700 EVO Black,https://res.cloudinary.com/dr9hunugv/image/upload/v1704767616/zjr91aml6y8wg6yjxtwi.webp,Cooler-Master,Case,"Type: Full-Tower, Color: Black, With Power Supply: No, Motherboard Compatibility: E-ATX, ATX, Micro-ATX, Mini-ITX, Dimensions W x D x H:: 29.1 x 66.6 x 62.6 cm, Warranty:: 2 year",18900,100,0,0,2023-12-30T02:46:38.737Z,2024-01-09T02:33:41.655Z,1,https://res.cloudinary.com/dr9hunugv/image/upload/v1704767620/adjkrulydenrhpiwp4vb.jpg,,,
,InWin Computer Case 909 Black,InWin Computer Case 909 Black,https://res.cloudinary.com/dr9hunugv/image/upload/v1704767673/yhpsjplon98e614dedjv.webp,InWin,Case,"Type: Full-Tower, Color: Black, With Power Supply: No, Motherboard Compatibility: E-ATX, ATX, Micro-ATX, Mini-ITX, Dimensions W x D x H:: 23.0 x 57.5 x 54.0 cm, Warranty:: 2 year",11190,100,0,0,2023-12-30T02:46:38.737Z,2024-01-09T02:34:37.553Z,1,https://res.cloudinary.com/dr9hunugv/image/upload/v1704767676/iijw30ldswkc1uhqnsq4.jpg,,,
,NZXT Computer Case H9 ELITE WHITE : CM-H91EW-01,NZXT Computer Case H9 ELITE WHITE : CM-H91EW-01,https://res.cloudinary.com/dr9hunugv/image/upload/v1704767751/nwnl7d8yb3ysv2lnmtwv.jpg,NZXT,Case,"Type: Mid-Tower, Color: White, With Power Supply: No, Motherboard Compatibility: ATX, Micro-ATX, Mini-ITX, Dimensions W x D x H:: 29.0 x 46.6 x 49.5 cm, Warranty:: 2 year",8790,100,0,0,2023-12-30T02:46:38.737Z,2024-01-09T02:35:57.370Z,1,https://res.cloudinary.com/dr9hunugv/image/upload/v1704767756/scgxno9nhbfqbjmrfwfh.jpg,,,
,NZXT Computer Case H9 ELITE BLACK : CM-H91EB-01,NZXT Computer Case H9 ELITE BLACK : CM-H91EB-01,https://res.cloudinary.com/dr9hunugv/image/upload/v1704767818/unwvidttkgyhunkzawwi.jpg,NZXT,Case,"Type: Mid-Tower, Color: Black, With Power Supply: No, Motherboard Compatibility: ATX, Micro-ATX, Mini-ITX, Dimensions W x D x H:: 29.0 x 46.6 x 49.5 cm, Warranty:: 2 year",8790,100,0,0,2023-12-30T02:46:38.737Z,2024-01-09T02:37:05.054Z,1,,,,
,Thermaltake Computer Case Core P8 TG Black,Thermaltake Computer Case Core P8 TG Black,https://res.cloudinary.com/dr9hunugv/image/upload/v1704767844/uxl2enikyfwfywmsvtzi.webp,Thermaltake,Case,"Type: Full-Tower, Color: Black, With Power Supply: No, Motherboard Compatibility: E-ATX, ATX, Micro-ATX, Mini-ITX, Dimensions W x D x H:: 26.0 x 66.0 x 62.6 cm, Warranty:: 2 year",7990,100,0,0,2023-12-30T02:46:38.737Z,2024-01-09T02:37:26.927Z,1,,,,
,Thermaltake Computer Case A500 TG Black,Thermaltake Computer Case A500 TG Black,https://res.cloudinary.com/dr9hunugv/image/upload/v1704767867/uv0lvtg3rxxextuyw32o.webp,Thermaltake,Case,"Type: Full-Tower, Color: Black, With Power Supply: No, Motherboard Compatibility: E-ATX, ATX, Micro-ATX, Mini-ITX, Dimensions W x D x H:: 26.0 x 66.0 x 62.6 cm, Warranty:: 2 year",7990,100,0,0,2023-12-30T02:46:38.737Z,2024-01-09T02:37:52.024Z,1,https://res.cloudinary.com/dr9hunugv/image/upload/v1704767871/zqhtf4bdbgcrc6jnuzyu.jpg,,,
,NZXT Computer Case H7 Elite White,NZXT Computer Case H7 Elite White,https://res.cloudinary.com/dr9hunugv/image/upload/v1704767905/og3e2bmovurddsjyjlmf.webp,NZXT,Case,"Type: Mid-Tower, Color: White, With Power Supply: No, Motherboard Compatibility: E-ATX, ATX, Micro-ATX, Mini-ITX, Dimensions W x D x H:: 23.0 x 50.5 x 48.0 cm, Warranty:: 2 year",7890,100,0,0,2023-12-30T02:46:38.737Z,2024-01-09T02:38:42.576Z,1,https://res.cloudinary.com/dr9hunugv/image/upload/v1704767908/c6utr3v1ronbwgzjhxww.webp,,,
,NZXT Computer Case H7 Elite Black,NZXT Computer Case H7 Elite Black,https://res.cloudinary.com/dr9hunugv/image/upload/v1704767967/qrcthr1ir2vlabcpgsg3.jpg,NZXT,Case,"Type: Mid-Tower, Color: Black, With Power Supply: No, Motherboard Compatibility: E-ATX, ATX, Micro-ATX, Mini-ITX, Dimensions W x D x H:: 23.0 x 50.5 x 48.0 cm, Warranty:: 2 year",7890,100,0,0,2023-12-30T02:46:38.737Z,2024-01-09T02:39:32.336Z,1,https://res.cloudinary.com/dr9hunugv/image/upload/v1704767971/hq8vvakqwoubzlpgzvi5.jpg,,,
,Corsair Computer Case iCUE 5000X RGB TG White,Corsair Computer Case iCUE 5000X RGB TG White,https://res.cloudinary.com/dr9hunugv/image/upload/v1704767993/gywulzslaefgfkgrfluo.jpg,Corsair,Case,"Type: Mid-Tower, Color: White, With Power Supply: No, Motherboard Compatibility: ATX, Micro-ATX, Mini-ITX, Dimensions W x D x H:: 52 x 24.5 x 52 cm, Warranty:: 2 year",7290,100,0,0,2023-12-30T02:46:38.737Z,2024-01-09T02:39:58.135Z,1,https://res.cloudinary.com/dr9hunugv/image/upload/v1704767996/dr66lnfgs2pc1m0fls6d.jpg,,,
,Thermaltake Computer Case CTE C750 TG ARGB Snow,Thermaltake Computer Case CTE C750 TG ARGB Snow,https://res.cloudinary.com/dr9hunugv/image/upload/v1704768022/cz5o5qfuln9bvpjjeywj.webp,Thermaltake,Case,"Type: Full-Tower, Color: Snow, With Power Supply: No, Motherboard Compatibility: E-ATX, ATX, Micro-ATX, Mini-ITX, Dimensions W x D x H:: 32.7 x 56.5 x 59.9 cm, Warranty:: 2 year",6690,100,0,0,2023-12-30T02:46:38.737Z,2024-01-09T02:40:23.857Z,1,https://res.cloudinary.com/dr9hunugv/image/upload/v1704768024/qhgonnkfsxqpuvwxatjg.jpg,,,
,Lian Li Computer Case O11DXL-W Dynamic XL ROG - White,Lian Li Computer Case O11DXL-W Dynamic XL ROG - White,https://res.cloudinary.com/dr9hunugv/image/upload/v1704768067/tndru3qnckjqap26k23s.webp,Lian-Li,Case,"Type: Full-Tower, Color: White, With Power Supply: No, Motherboard Compatibility: E-ATX, ATX, Micro-ATX, Mini-ITX, Dimensions W x D x H:: 28.5 x 47.1 x 51.3 cm, Warranty:: 1 year",6690,100,0,0,2023-12-30T02:46:38.737Z,2024-01-09T02:41:11.007Z,1,https://res.cloudinary.com/dr9hunugv/image/upload/v1704768069/xwigzwe8ukfvtl9wdcnr.jpg,,,
,In Win Computer Case 315 Black,In Win Computer Case 315 Black,https://res.cloudinary.com/dr9hunugv/image/upload/v1704768104/euo5zzljqv6gevnghrae.webp,In-Win,Case,"Type: Mid-Tower, Color: Black, With Power Supply: No, Motherboard Compatibility: E-ATX, ATX, Micro-ATX, Mini-ITX, Dimensions W x D x H:: 49.4 x 22.5 x 50.5 cm, Warranty:: 2 year",6640,100,0,0,2023-12-30T02:46:38.737Z,2024-01-09T02:42:13.704Z,1,https://res.cloudinary.com/dr9hunugv/image/upload/v1704768106/cavbwmqlh3cqmrek14p8.webp,,,
,Lian Li Computer Case O11DXL-X Dynamic XL ROG - Black,Lian Li Computer Case O11DXL-X Dynamic XL ROG - Black,https://res.cloudinary.com/dr9hunugv/image/upload/v1704768144/zknrl5szkc7bk93bxxve.jpg,Lian-Li,Case,"Type: Mid-Tower, Color: Silver, With Power Supply: No, Motherboard Compatibility: ATX, Micro-ATX, Mini-ITX, Dimensions W x D x H:: 50.2 x 21.5 x 50.8 cm, Warranty:: 2 year",7890,100,0,0,2023-12-30T02:46:38.737Z,2024-01-09T02:42:25.833Z,1,https://res.cloudinary.com/dr9hunugv/image/upload/v1704768145/yazg8vzv379quegit91h.jpg,,,
,InWin Computer Case 905 ARGB,InWin Computer Case 905 ARGB,https://res.cloudinary.com/dr9hunugv/image/upload/v1704768163/edwxfo90mwcwpuvuut0b.jpg,InWin,Case,"Type: Mid-Tower, Color: Silver, With Power Supply: No, Motherboard Compatibility: ATX, Micro-ATX, Mini-ITX, Dimensions W x D x H:: 50.2 x 21.5 x 50.8 cm, Warranty:: 2 year",7890,100,0,0,2023-12-30T02:46:38.737Z,2024-01-09T02:42:45.377Z,1,https://res.cloudinary.com/dr9hunugv/image/upload/v1704768165/e67zkhvgacjahc3etrdy.jpg,,,
,Thermaltake Computer Case CTE C750 AIR Snow,Thermaltake Computer Case CTE C750 AIR Snow,https://res.cloudinary.com/dr9hunugv/image/upload/v1704768175/v5k4es8hnrdmhdychu1w.jpg,Thermaltake,Case,"Type: Full-Tower, Color: Snow, With Power Supply: No, Motherboard Compatibility: E-ATX, ATX, Micro-ATX, Mini-ITX, Dimensions W x D x H:: 32.7 x 56.5 x 59.9 cm, Warranty:: 2 year",6190,100,0,0,2023-12-30T02:46:38.737Z,2024-01-09T02:42:57.889Z,1,https://res.cloudinary.com/dr9hunugv/image/upload/v1704768177/fp2vleqbvxnpzfh1qlof.jpg,,,
,"WD_BLACK 1TB SN850X NVMe Internal Gaming SSD Solid State Drive - Gen4 PCIe, M.2 2280, Up to 7,300 MB/s - WDS100T2X0E","WD_BLACK 1TB SN850X NVMe Internal Gaming SSD Solid State Drive - Gen4 PCIe, M.2 2280, Up to 7,300 MB/s - WDS100T2X0E",https://res.cloudinary.com/dr9hunugv/image/upload/v1704768215/dxi7zc1bcfiehpvygigx.webp,WD_BLACK,Ssd,"Model : WDS100T2X0E , Brand : WD , Random Write (Up To) : 1,100,000 IOPS , Random Read (Up To) : 800,000 IOPS , Sequential Write (Up To) : 6,300 MB/s , Sequential Read (Up To) : 7,300 MB/s , ขนาด SSD : 20x22x2.38mm , ความจุ 1.00 TB , Interface : PCIe 4.0 , การรับประกัน 5 ปี",5790,100,0,0,2023-12-30T02:46:38.737Z,2024-01-09T02:43:37.656Z,1,,,,
,"WD_BLACK 2TB SN770 NVMe Internal Gaming SSD Solid State Drive - Gen4 PCIe, M.2 2280, Up to 5,150 MB/s - WDS200T3X0E","WD_BLACK 2TB SN770 NVMe Internal Gaming SSD Solid State Drive - Gen4 PCIe, M.2 2280, Up to 5,150 MB/s - WDS200T3X0E",https://res.cloudinary.com/dr9hunugv/image/upload/v1704768230/bce3pycxiuccuwnwomwb.webp,WD_BLACK,Ssd,"Model : ‎WDS200T3X0E , Brand : WD , Random Write (Up to) : 800,000 IOPS , Random Read (Up to) : 650,000 IOPS , Sequential Write (Up To) : 4,850 MB/s , Sequential Read (Up To) : 5,150 MB/s , ขนาด SSD : 20x22x2.38mm , ความจุ : 2.00 TB , Interface : PCIe 2.0 PCIe 3.0 PCIe 4.0 PCIe 5.0 , การรับประกัน : 5 ปี",4590,100,0,0,2023-12-30T02:46:38.737Z,2024-01-09T02:43:51.896Z,1,,,,
,"SK hynix Platinum P41 1TB PCIe NVMe Gen4 M.2 2280 Internal Gaming SSD, Up to 7,000MB/S, Compact M.2 SSD Form Factor SSD - Internal Solid State Drive with 176-Layer NAND Flash","SK hynix Platinum P41 1TB PCIe NVMe Gen4 M.2 2280 Internal Gaming SSD, Up to 7,000MB/S, Compact M.2 SSD Form Factor SSD - Internal Solid State Drive with 176-Layer NAND Flash",https://res.cloudinary.com/dr9hunugv/image/upload/v1704768247/epo9bnzycgy6jfnkfon4.jpg,SK hynix,Ssd,"Model : ‎SHPP41-1000GM-2 , Brand : SK hynix , Random Write (Up To) : 1,300,000 IOPS , Random Read (Up To) : 1,400,000 IOPS , Sequential Write (Up To) : 6,500 MB/s , Sequential Read (Up To) : 7,000 MB/s , ขนาด SSD : 22x80x2.38mm , ความจุ 1.00 TB",7168,100,0,0,2023-12-30T02:46:38.737Z,2024-01-09T02:44:08.112Z,1,,,,
,SABRENT Rocket 2230 NVMe 4.0 512GB High Performance PCIe 4.0 M.2 2230 SSD [SB-2130-512GB],SABRENT Rocket 2230 NVMe 4.0 512GB High Performance PCIe 4.0 M.2 2230 SSD [SB-2130-512GB],https://res.cloudinary.com/dr9hunugv/image/upload/v1704768711/zjxsto8su6arxt7t6f4z.jpg,SABRENT,Ssd,"Model: SB-2130-512, Brand: SABRENT, Random Write (Up To): 800,000 IOPS, Random Read (Up To): 800,000 IOPS, Sequential Write (Up To): 4300 MB/s, Sequential Read (Up To): 4750 MB/s, ขนาด SSD: 30 x 22 x 2.032 mm, ความจุ: 512GB, การรับประกัน: -",2683,100,0,0,2023-12-30T02:46:38.737Z,2024-01-09T02:52:00.613Z,1,,,,
,"Silicon Power 1TB XS70 Nvme PCIe Gen4 M.2 2280 SSD R/W Up to 7,300/6,000 MB/s, DRAM Cache, with Built-in PS5 Heatsink, Compatible with Playstation 5 (SP01KGBP44XS7005)","Silicon Power 1TB XS70 Nvme PCIe Gen4 M.2 2280 SSD R/W Up to 7,300/6,000 MB/s, DRAM Cache, with Built-in PS5 Heatsink, Compatible with Playstation 5 (SP01KGBP44XS7005)",https://res.cloudinary.com/dr9hunugv/image/upload/v1705046256/upxeh5vmdl8kshg6fqzl.jpg,Silicon,Ssd,"Model: ‎SP Silicon Power, Brand: SP01KGBP44XS7005, Random Write (Up To): 1,000,000 IOPS, Random Read (Up To): 750,000 IOPS, Sequential Write (Up To): 6,000MB/s, Sequential Read (Up To): 7,300MB/s, ขนาด SSD: 127 x 88 x 10 mm, ความจุ: 1.00 TB, การรับประกัน: 5 ปี",9790,100,0,0,2023-12-30T02:46:38.737Z,2024-01-12T07:57:39.026Z,1,,,,
,1 TB SSD SEAGATE FIRECUDA 530 - PCIe 4/NVMe M.2 2280 (ZP1000GM3A013),1 TB SSD SEAGATE FIRECUDA 530 - PCIe 4/NVMe M.2 2280 (ZP1000GM3A013),https://res.cloudinary.com/dr9hunugv/image/upload/v1705046237/htbyaca20uicdj1k5nfn.webp,Seagate,Ssd,"Model: FireCuda 530, Brand: Seagate, Random Write (Up To): 1,000,000 IOPS, Random Read (Up To): 800,000 IOPS, Sequential Write (Up To): 6,000 MB/s, Sequential Read (Up To): 7,300 MB/s, ขนาด SSD: 22 x 80 x 2.03 mm, ความจุ: 1.00 TB, การรับประกัน: 5 ปี",9790,100,0,0,2023-12-30T02:46:38.737Z,2024-01-12T07:57:20.798Z,1,,,,
,1 TB SSD SAMSUNG 990 PRO WITH HEATSINK - PCIe 4x4/NVMe M.2 2280 (MZ-V9P1T0CW),1 TB SSD SAMSUNG 990 PRO WITH HEATSINK - PCIe 4x4/NVMe M.2 2280 (MZ-V9P1T0CW),https://res.cloudinary.com/dr9hunugv/image/upload/v1705046268/zyysrumnm574vvuqx6og.webp,SAMSUNG,Ssd,"Model: 990 PRO with Heatsink, Brand: SAMSUNG, Random Write (Up To): 1,550,000 IOPS, Random Read (Up To): 1,200,000 IOPS, Sequential Write (Up To): 6,900 MB/s, Sequential Read (Up To): 7,450 MB/s, ขนาด SSD: 80 x 22 x 2.3 mm, ความจุ: 1.00 TB, การรับประกัน: 5 ปี",4990,100,0,0,2023-12-30T02:46:38.737Z,2024-01-12T07:57:52.471Z,1,,,,
,Crucial T700 1TB PCIe Gen5 NVMe M.2 SSD with heatsink,Crucial T700 1TB PCIe Gen5 NVMe M.2 SSD with heatsink,https://res.cloudinary.com/dr9hunugv/image/upload/v1705046286/h4xvfnpmajui2pwejjib.jpg,Crucial,Ssd,"Model: CT1000T700SSD5, Brand: Crucial, Random Write (Up To): 1,400,000 IOPS, Random Read (Up To): 1,350,000 IOPS, Sequential Write (Up To): 9,500 MB/s, Sequential Read (Up To): 11,700 MB/s, ความจุ: 1.00 TB, การรับประกัน: 3 ปี",7513,100,0,0,2023-12-30T02:46:38.737Z,2024-01-12T07:58:08.327Z,1,,,,
,"SABRENT Rocket 4 Plus SSD with Heatsink 1TB PCIe Gen 4 NVMe M.2 2280 Internal Solid State Drive, Extreme Speed, Heat Management [SB-RKT4P-HTSP-1TB]","SABRENT Rocket 4 Plus SSD with Heatsink 1TB PCIe Gen 4 NVMe M.2 2280 Internal Solid State Drive, Extreme Speed, Heat Management [SB-RKT4P-HTSP-1TB]",https://res.cloudinary.com/dr9hunugv/image/upload/v1705046303/qwspoaruhuhuugy3lijq.jpg,SABRENT,Ssd,"Model: SB-RKT4P-HTSP-1TB, Brand: SABRENT, Random Write (Up To): N/A, Random Read (Up To): N/A, Sequential Write (Up To): 5,800 MB/s, Sequential Read (Up To): 7,000 MB/s, ขนาด SSD: 83.82 x 22.86 x 24.38 mm, ความจุ: 1.00 TB, การรับประกัน: 5 ปี",3577,100,0,0,2023-12-30T02:46:38.737Z,2024-01-12T07:58:26.648Z,1,,,,
,1 TB SSD KINGSTON FURY RENEGADE - PCIe 4/NVMe M.2 2280 (SFYRS/1000G),1 TB SSD KINGSTON FURY RENEGADE - PCIe 4/NVMe M.2 2280 (SFYRS/1000G),https://res.cloudinary.com/dr9hunugv/image/upload/v1705046323/jpcueotxkksbzpejpvkr.webp,KINGSTON,Ssd,"Model: FURY Renegade, Brand: Kingston, Random Write (Up To): 1,000,000 IOPS, Random Read (Up To): 900,000 IOPS, Sequential Write (Up To): 6,000 MB/s, Sequential Read (Up To): 7,300 MB/s, ขนาด SSD: 22 x 80 x 2.21mm, ความจุ: 1.00 TB, การรับประกัน: 5 ปี",3290,100,0,0,2023-12-30T02:46:38.737Z,2024-01-12T07:58:46.926Z,1,,,,
,1 TB SSD CORSAIR MP600 PRO LPX - PCIe 4/NVMe M.2 2280 (CSSD-F1000GBMP600PLP),1 TB SSD CORSAIR MP600 PRO LPX - PCIe 4/NVMe M.2 2280 (CSSD-F1000GBMP600PLP),https://res.cloudinary.com/dr9hunugv/image/upload/v1705046342/expi7gsbfperqliobzu4.jpg,CORSAIR,Ssd,"Model: MP600 Pro LPX, Brand: Corsair, Random Write (Up To): N/A, Random Read (Up To): N/A, Sequential Write (Up To): 5,800 MB/s, Sequential Read (Up To): 7,100 MB/s, ขนาด SSD: 22 x 80 x 11 mm, ความจุ: 1.00 TB, การรับประกัน: 5 ปี",6900,100,0,0,2023-12-30T02:46:38.737Z,2024-01-12T07:59:04.110Z,1,,,,
,SSD M.2 PCIe 1.TB (5Y) T-FORCE CARDEA Z440,SSD M.2 PCIe 1.TB (5Y) T-FORCE CARDEA Z440,https://res.cloudinary.com/dr9hunugv/image/upload/v1705046364/ijpu2hrkhzcrqmftyp25.jpg,M.2,Ssd,"Model: CARDEA ZERO Z440, Brand: T-FORCE, Random Write (Up To): 750,000 IOPS, Random Read (Up To): 750,000 IOPS, Sequential Write (Up To): 4,400 MB/s, Sequential Read (Up To): 5,000 MB/s, ขนาด SSD: 22 x 80 x 3.7 mm, ความจุ: 1.00 TB, การรับประกัน: 5 ปี",3150,100,0,0,2023-12-30T02:46:38.737Z,2024-01-12T07:59:26.667Z,1,,,,
,1 TB SSD KINGSTON NV2 - PCIe 4/NVMe M.2 2280 (SNV2S/1000G),1 TB SSD KINGSTON NV2 - PCIe 4/NVMe M.2 2280 (SNV2S/1000G),https://res.cloudinary.com/dr9hunugv/image/upload/v1705046384/tsb6edumluochpep1jmc.webp,KINGSTON,Ssd,"Model: NV2, Brand: Kingston, Random Write (Up To): N/A, Random Read (Up To): N/A, Sequential Write (Up To): 2,100 MB/s, Sequential Read (Up To): 3,500 MB/s, ขนาด SSD: 22 x 80 x 2.2 มม., ความจุ: 1.00 TB, การรับประกัน: 3 ปี",1690,100,0,0,2023-12-30T02:46:38.737Z,2024-01-12T07:59:48.173Z,1,,,,